Sales Rep ID,Number of Leads Handled,Number of Successful Conversions,Total Sales Value
375,32,34,7980.11
368,48,47,5043.47
320,85,10,6563.65
374,95,50,14861.03
377,100,6,8283.96
339,62,47,9332.12
313,43,6,18362.1
349,60,12,12648.18
324,56,30,19736.5
309,59,49,16591.66
331,39,48,14323.11
318,29,46,7941.81
329,40,37,18138.83
360,95,44,12653.18
354,58,46,15394.73
368,94,13,14375.17
362,64,24,7048.35
385,96,28,12011.39
342,86,49,16972.54
300,29,11,18491.65
303,39,7,5851.43
383,79,5,15889.43
355,52,50,9111.66
307,13,37,10235.81
371,100,19,9064.84
337,95,14,10657.99
358,48,33,10972.37
349,12,6,9462.11
341,93,20,19856.33
371,44,40,7134.57
379,60,31,10797.04
384,79,43,12759.29
378,35,50,19466.92
344,13,17,13556.27
378,58,10,18810.82
305,95,12,12632.39
333,31,49,13917.91
380,69,21,10968.49
340,40,38,16249.53
340,92,48,11637.1
394,45,18,10377.34
377,91,23,12265.92
376,31,47,16152.53
332,89,27,14225.83
366,23,13,14420.51
333,51,22,11052.48
380,60,26,15907.74
345,21,24,5612.71
356,62,19,13539.87
390,21,42,17062.43
318,32,34,9852.71
346,99,13,9570.23
368,46,13,13768.59
326,83,33,14232.24
343,46,44,8637.07
320,43,44,15464.92
329,35,34,15049.54
307,96,47,6005.91
369,25,34,9668.31
386,82,28,17299.88
348,100,44,12171.82
341,29,39,15533.23
300,28,7,17603.38
375,19,12,6678.6
397,35,5,17545.04
383,73,33,8410.24
399,31,30,16082.71
320,23,6,15737.01
349,73,30,15784.11
349,52,48,11716.63
384,13,32,9456.95
383,94,13,12113.51
365,46,37,9251.11
307,81,37,6940.23
352,93,33,10434.87
359,83,32,6351.99
398,16,50,13310.89
369,78,27,12046.26
354,89,10,10968.67
319,34,12,16424.04
397,69,19,14807.56
348,58,32,16588.57
330,61,5,14150.75
374,56,23,8985.26
389,34,13,16026.31
344,57,11,14565.13
354,90,29,13600.12
358,87,33,10029.63
354,73,43,7988.5
311,46,42,17857.11
396,32,13,19620.93
320,95,41,15305.55
311,76,41,17294.0
376,81,39,11900.22
329,43,31,16039.02
377,43,41,14705.18
395,25,44,6842.93
381,27,6,5676.33
362,31,13,9976.68
345,24,11,6234.59
321,90,34,6757.1
321,15,9,9966.59
331,91,24,10973.51
342,22,42,16944.51
335,59,9,6920.86
350,52,35,7552.32
343,89,30,13777.37
371,48,31,5717.54
378,33,24,5073.83
374,55,16,11803.66
331,64,32,10458.87
316,21,5,8841.79
356,37,11,16388.28
311,71,25,18045.01
394,51,35,10160.99
357,66,39,17262.41
353,66,7,17019.64
395,75,16,9946.91
381,13,38,13233.72
368,100,25,19576.23
319,79,14,11756.41
397,21,18,18623.91
332,64,47,8306.88
376,90,25,5561.93
388,14,21,12434.66
327,89,35,8934.52
366,32,20,5034.2
354,20,48,17300.76
363,77,25,10035.74
371,25,49,17816.23
369,85,7,19523.99
396,24,30,11399.74
315,60,15,13048.53
376,42,36,5010.1
325,52,12,11754.79
304,21,31,18564.37
329,50,20,19295.22
339,49,28,8967.94
368,64,43,13947.44
398,40,13,9576.51
349,27,38,5938.72
341,33,21,8258.61
317,95,35,12100.7
333,62,12,8876.24
382,86,5,10289.62
340,25,34,12900.38
334,50,29,15048.78
361,54,44,5745.68
389,95,23,18237.57
340,50,8,17848.68
391,47,30,14836.39
303,52,50,17359.76
392,87,11,6388.15
357,15,12,13683.77
343,38,31,5839.73
352,66,6,8631.91
301,84,27,8505.47
344,29,47,11262.8
389,82,35,10497.75
394,67,11,17117.77
332,99,48,15776.05
343,13,30,9076.89
398,25,50,17698.37
341,49,35,15028.72
340,71,45,7745.16
367,49,32,7117.46
319,75,18,5222.24
343,54,38,10626.09
383,64,48,10581.44
351,72,32,13573.82
356,80,14,7659.93
394,22,24,14671.16
344,12,7,9354.97
308,12,7,15432.04
378,93,31,6636.64
307,13,5,15224.94
386,43,35,17674.53
355,37,43,14497.09
377,27,29,15806.14
320,58,29,10882.65
386,35,29,10722.53
391,56,50,12288.77
314,60,5,8381.22
354,47,34,11725.98
347,57,37,18305.9
308,48,20,18340.56
385,82,24,10642.89
370,96,46,5899.72
389,14,50,16481.85
351,94,8,7651.65
369,97,9,15136.31
343,40,48,17837.66
377,85,17,9647.04
307,62,45,15670.89
314,90,48,6328.29
367,60,8,15733.86
372,51,32,18811.3
339,100,28,7501.31
373,32,24,8140.68
367,72,30,9257.29
380,60,18,9677.36
382,42,47,5114.74
303,72,25,18666.99
314,71,13,6893.54
359,47,50,18838.39
364,95,15,5278.25
359,21,16,8852.34
389,30,50,17180.42
386,69,15,7630.22
370,98,16,18841.92
357,53,6,10099.63
399,37,38,13787.44
307,37,36,17734.04
377,37,20,10027.02
344,86,30,16932.09
393,72,33,5517.69
304,51,24,7624.4
390,69,38,19402.53
395,92,38,15988.82
362,84,47,15180.86
307,39,11,8958.85
337,95,38,5994.02
342,20,19,10243.91
332,94,30,14478.3
364,61,20,10357.33
306,99,6,8330.72
307,80,45,10216.49
326,29,30,16518.78
309,78,44,16606.91
361,22,13,11145.72
366,73,19,13074.73
361,86,48,11657.31
321,41,39,19778.92
365,13,49,5758.04
355,92,47,12874.78
390,98,36,18481.01
308,40,23,19399.44
353,64,48,5449.95
314,21,36,18867.44
392,49,49,9262.63
329,89,49,17804.0
364,59,6,9386.08
394,13,26,7463.54
338,62,42,13818.44
344,71,6,8626.76
361,53,14,5527.76
333,25,34,6032.64
377,48,37,17300.63
308,50,6,10811.34
331,68,41,9929.35
366,23,5,7897.61
308,69,49,14874.47
315,86,23,17035.16
358,71,30,11381.56
345,57,14,14414.96
347,46,9,12631.46
383,50,7,11504.57
363,13,23,6172.35
354,33,22,8236.36
349,87,41,7644.42
365,22,35,19939.54
345,35,34,14536.22
324,12,19,7693.79
373,10,36,10631.28
305,70,29,17216.72
361,71,33,15884.93
369,24,21,11319.02
398,85,11,17056.31
326,38,38,16116.09
341,85,40,16616.88
302,35,27,8028.79
344,48,43,15917.43
389,28,36,16632.85
352,87,13,7283.8
354,27,24,17888.56
335,70,12,18901.79
361,94,20,6688.46
356,32,23,14248.16
304,50,6,7505.91
389,98,31,15565.01
334,45,15,10308.38
324,15,39,8305.42
377,18,28,9780.67
323,37,16,13701.17
382,10,41,18159.15
397,93,45,5848.42
380,79,44,11129.46
337,25,16,16886.1
336,62,8,5349.58
325,53,5,14275.86
359,21,24,17111.97
310,79,38,12420.71
334,99,32,7044.67
399,99,6,19661.1
345,17,7,8829.81
368,43,11,5631.19
324,90,15,7713.59
362,76,5,9293.21
387,67,25,10625.09
371,13,26,15867.3
351,80,10,14203.89
304,52,43,13405.51
312,62,6,13901.58
345,94,44,16360.71
337,89,9,13550.48
316,65,11,17816.28
317,65,17,9780.97
372,12,14,8989.99
349,73,37,8481.52
323,70,17,12965.89
312,58,24,14977.16
324,34,44,11714.57
361,91,26,18141.73
322,75,31,13822.86
330,67,38,16347.95
329,17,20,8194.98
375,14,37,18132.08
304,97,6,15493.66
307,75,44,13608.02
388,50,39,7594.27
341,96,25,19521.88
394,35,13,19199.53
362,64,46,14744.02
360,46,18,10233.4
317,35,42,19360.29
308,32,47,12882.31
341,41,16,16009.58
365,71,24,8396.94
387,18,5,9790.14
325,18,41,10953.66
369,40,47,7456.53
363,19,21,16513.74
348,57,28,16968.59
318,33,42,16392.1
346,13,11,6305.14
361,87,5,11949.33
313,99,19,16055.89
337,32,6,14319.57
350,66,17,10422.51
367,89,35,8998.45
344,72,28,12574.96
315,72,26,5960.07
347,17,16,11354.03
304,31,32,13786.33
397,69,25,12409.09
367,38,46,8830.99
356,71,27,9141.8
312,40,32,10311.06
356,27,31,8001.64
329,86,34,16802.68
392,21,25,12121.34
367,93,40,14825.46
326,64,5,15007.38
313,18,36,19725.03
365,79,19,17923.21
377,36,29,10088.81
356,69,9,18628.43
366,33,25,5162.48
342,43,16,9255.03
364,51,16,7314.49
302,97,48,14081.01
347,27,28,19497.29
383,75,9,9413.15
374,100,10,10711.04
320,37,30,19273.04
328,72,44,18886.32
332,69,5,6719.62
347,57,17,6324.7
372,73,29,15936.31
394,82,34,13464.28
324,65,5,18106.34
382,74,22,5675.35
347,10,45,8564.73
325,27,34,14597.33
355,43,10,8428.89
314,90,22,11390.62
379,23,49,6215.75
324,49,25,12792.85
304,60,7,8796.98
314,84,22,13949.69
309,43,33,12026.21
387,49,47,14271.49
332,78,37,9477.8
325,62,44,10021.05
351,35,29,9924.91
332,98,23,9387.88
325,15,21,7476.69
327,31,24,17518.22
399,25,11,9118.26
383,69,30,16703.06
327,59,27,16264.98
359,27,34,6115.58
324,30,15,8747.57
377,50,12,19782.75
344,89,21,9755.87
330,53,23,16943.31
334,71,33,10567.98
359,46,18,8144.41
375,68,25,8563.49
376,38,44,11693.19
355,90,11,14575.8
361,58,24,15558.12
346,65,19,8046.55
351,61,30,15236.93
365,62,31,18146.51
313,77,44,9054.69
367,11,48,7641.73
398,84,49,18032.28
358,29,31,17052.49
336,17,29,13476.07
357,76,7,7238.95
385,64,46,14521.44
339,93,20,19347.56
300,11,32,13113.39
351,31,11,8524.33
394,26,7,8854.78
310,11,18,11082.4
343,57,27,19200.34
309,84,43,5818.56
354,24,14,13613.58
318,48,29,15340.54
355,74,7,17185.95
306,79,46,15612.01
326,90,19,5807.9
386,92,22,6646.37
377,29,48,12318.55
351,26,37,5382.82
308,59,33,13333.31
327,59,20,10271.44
344,82,48,6891.0
387,16,43,19983.71
349,86,36,13387.21
352,80,47,10348.63
323,24,18,11208.81
357,19,48,8571.49
384,64,34,13840.66
308,34,44,17018.03
371,27,48,8681.84
399,80,27,10423.14
303,87,16,10886.98
350,55,7,5902.64
399,69,19,10469.11
398,53,50,5139.03
322,35,20,16654.76
353,49,38,16618.51
324,43,35,15503.71
386,88,40,17004.58
328,60,28,7100.97
306,66,48,17305.82
304,36,20,15725.13
396,41,14,9850.98
335,27,7,10145.19
376,60,5,7263.95
304,21,42,19002.6
311,65,42,18005.34
322,39,13,13311.27
327,62,39,15559.65
356,91,10,17779.91
344,66,8,16584.44
329,99,47,19437.8
350,72,28,10834.07
385,75,50,17195.5
310,31,32,5855.42
395,89,45,14108.22
310,30,35,11841.19
364,66,13,9317.25
335,15,22,12768.36
349,37,12,10391.86
322,13,9,18624.8
326,88,11,17851.66
341,61,39,12046.91
369,21,22,14460.29
307,19,35,11424.13
346,78,9,11710.35
304,75,14,16773.18
376,22,12,13105.97
337,14,16,8091.57
384,93,7,18438.86
303,19,32,11167.21
331,63,14,6061.51
337,27,22,16333.65
367,47,10,6531.5
337,83,23,8190.48
334,95,35,6430.33
323,46,23,6687.49
373,24,33,6612.26
324,89,26,5967.31
381,53,6,6040.33
357,86,17,13377.42
349,24,11,16345.35
303,81,42,9045.47
381,42,5,12011.6
323,49,14,11892.29
384,62,30,7867.54
312,38,46,11515.87
350,75,8,6428.03
336,29,14,7164.65
376,96,5,19010.12
385,45,16,9701.87
351,15,22,5795.13
398,98,43,11288.69
330,86,12,12647.61
361,40,12,8862.91
343,59,17,5520.25
324,59,47,12753.03
341,92,15,9288.62
347,52,12,16184.26
390,71,29,10375.22
388,39,30,9267.78
386,67,13,16512.74
320,91,8,9943.2
345,31,30,8827.98
353,92,7,19475.71
347,67,20,17398.81
302,99,43,12003.64
326,28,8,11523.94
393,82,20,18574.06
376,90,28,9898.8
337,68,39,15719.59
345,32,49,5406.42
360,23,33,13333.77
392,13,13,13593.47
397,37,47,10950.06
320,58,35,14409.32
330,66,10,14406.44
310,45,41,11276.98
323,55,18,11910.08
360,69,13,13654.0
399,23,16,15886.18
358,63,33,7879.2
372,21,46,9080.97
310,48,48,14705.1
363,79,42,8345.13
300,67,20,8902.89
395,45,25,11132.4
380,75,29,17664.82
328,100,50,18454.09
333,26,42,18525.96
373,27,30,12747.08
388,74,20,16723.45
379,51,26,16121.46
371,58,45,6774.83
373,38,29,7955.28
369,91,44,19554.81
306,19,32,6414.26
362,43,35,12960.51
329,97,11,14976.71
372,21,26,14248.14
364,43,50,5713.6
376,45,43,10978.14
384,20,35,18154.44
368,15,38,11181.56
356,74,16,15790.11
324,42,6,17502.58
347,91,26,16370.49
320,92,9,5241.85
317,64,32,10002.38
373,16,31,8049.83
322,10,5,19540.97
387,72,24,17662.64
323,26,49,10116.04
334,63,22,5294.15
309,43,32,11702.01
392,87,41,10942.58
305,31,34,13565.17
301,32,6,13330.99
377,19,23,18913.15
356,51,18,16371.11
301,82,26,6070.04
392,43,16,9922.14
318,67,32,16310.55
304,48,31,16220.26
389,21,43,18641.65
371,97,37,8141.69
352,23,27,7908.97
300,44,49,15668.67
322,100,25,9771.45
375,56,21,17565.22
378,65,13,18996.44
320,40,39,5912.96
357,76,27,9392.84
365,95,18,5721.64
338,29,50,8726.67
300,90,46,12613.82
316,17,13,19565.12
393,76,9,13423.88
353,29,41,10732.62
327,18,37,16990.09
321,17,32,10858.62
334,49,13,9809.33
372,48,18,12967.48
322,97,27,12208.97
376,90,22,18464.27
359,36,30,14972.7
354,83,14,5302.71
372,43,13,18382.91
335,88,46,13843.62
388,62,46,10594.84
365,73,26,19395.5
346,29,20,15521.39
308,68,5,16444.06
399,63,20,13964.18
349,14,5,14110.45
356,37,48,19505.44
327,100,33,17388.0
316,25,38,9489.79
362,34,45,9205.39
356,99,41,9081.79
331,39,42,13071.96
393,11,23,9406.12
358,79,18,17234.56
319,98,9,11792.73
351,47,23,6952.0
373,12,48,9850.97
330,59,29,5731.23
337,13,22,16364.51
349,83,23,7362.39
395,58,7,18080.37
335,87,14,11398.29
334,82,25,18153.33
392,83,40,5374.53
385,84,13,17539.81
341,82,49,11833.9
385,85,47,10645.52
341,72,12,13223.63
324,66,29,17852.54
389,35,18,10732.65
374,48,19,11812.87
301,36,47,13968.74
345,92,30,9483.77
364,68,20,19280.27
317,52,47,8476.11
302,64,11,6823.6
315,65,27,9124.1
317,78,18,19280.04
310,68,7,11991.61
332,94,50,15653.41
331,49,48,13124.23
378,17,15,18460.93
326,25,27,15900.17
303,39,22,10849.15
354,78,22,17616.74
314,34,6,15551.7
353,50,11,17338.7
379,25,37,14179.69
349,32,6,16410.68
367,31,28,6656.28
347,25,45,16046.93
307,22,36,6929.5
343,45,9,19560.82
391,82,43,17072.61
334,39,31,18026.44
375,69,41,17893.5
316,84,12,12529.94
349,43,42,9365.88
353,45,19,12638.67
358,76,45,5499.47
319,84,20,14026.56
319,45,13,5039.64
310,78,34,6765.73
315,54,9,12522.48
381,52,35,10477.67
321,98,24,8015.7
331,12,9,15686.08
364,71,20,18466.69
305,91,16,17155.73
302,30,16,17595.75
362,30,39,18912.62
307,64,32,15683.77
320,25,29,13043.37
368,23,35,13810.97
393,96,14,12884.32
332,57,24,11743.78
323,64,46,19645.95
350,70,32,11805.87
312,81,42,10569.74
363,88,49,16964.13
369,98,14,14261.98
394,59,10,18920.06
393,49,30,6150.47
363,69,44,13416.85
350,13,18,7133.52
344,20,26,15146.38
348,72,13,11530.43
303,52,15,10154.01
395,80,30,5401.65
306,83,37,17384.37
389,13,25,11017.72
363,51,49,9935.64
345,94,45,11683.53
339,33,5,11696.64
320,74,24,17388.4
387,83,11,11299.05
304,18,20,15308.76
385,30,7,11794.83
339,75,28,5066.72
318,12,18,18195.84
383,23,20,19417.51
350,65,50,15818.55
381,51,23,5140.48
385,35,40,8324.46
331,66,21,8284.6
311,54,35,5900.92
380,25,28,14799.47
391,94,30,18975.51
332,85,25,15432.57
320,75,19,15002.06
347,52,12,18288.69
326,14,12,11420.6
331,32,19,15895.47
388,85,38,14173.25
399,47,48,15914.64
379,13,43,17700.87
344,21,17,13433.81
330,33,49,10112.05
385,34,26,15779.08
391,95,27,18394.87
353,75,33,6560.31
374,26,20,11308.51
307,58,12,19831.72
377,70,22,18487.32
357,72,21,16909.78
343,56,6,14070.94
335,80,31,14654.11
375,99,37,9913.67
361,46,44,12797.85
337,37,24,13333.47
351,53,43,17653.32
331,30,16,18740.6
366,81,39,17813.41
330,84,41,9852.1
379,10,6,15258.6
357,67,48,8800.32
356,72,36,7917.54
331,100,11,18316.68
352,27,35,11395.82
328,68,32,16906.02
334,65,15,19661.51
376,52,27,12278.22
347,27,12,13943.92
311,60,43,9668.46
307,22,30,18844.71
326,86,7,13206.33
356,83,7,11544.92
330,70,7,7458.74
390,25,12,19077.99
319,98,17,13514.88
393,96,9,6279.78
337,12,16,19038.45
332,94,44,19183.58
370,74,13,15450.92
314,84,32,14978.6
350,83,5,13688.71
368,10,28,12772.58
370,36,50,15990.21
301,20,17,9267.5
340,84,18,10301.79
349,24,13,12014.3
343,31,48,9451.08
344,98,17,5845.51
354,28,46,11792.86
382,16,26,10568.6
336,25,6,18447.56
321,14,36,16105.55
338,53,18,15050.43
386,70,27,11228.37
343,99,48,14990.79
328,99,19,12866.75
361,30,40,6755.3
396,77,16,14462.55
369,21,13,17369.29
365,28,48,14909.94
346,22,27,5345.21
305,21,49,17509.39
391,76,47,11321.4
349,11,36,10556.95
365,65,7,16207.82
379,35,22,17999.25
303,57,7,8792.26
391,41,42,17451.75
353,20,5,6636.32
309,78,8,16752.45
314,99,10,16740.41
340,56,38,10813.81
330,14,49,13657.25
397,56,37,6068.3
398,47,18,12992.96
363,98,20,15458.3
333,46,24,14168.71
383,23,46,16688.73
362,25,19,5671.33
382,72,14,14951.39
389,87,27,13080.47
395,13,28,8930.81
335,77,26,9780.22
310,61,34,10427.32
316,93,34,18788.85
366,49,32,7775.5
348,56,6,6338.8
314,96,19,12645.88
393,67,18,11658.09
351,57,26,13772.94
369,11,11,18093.07
390,72,29,13305.65
375,61,41,13555.84
395,45,15,17565.61
381,21,12,8051.49
395,84,29,12077.44
333,35,12,18229.45
380,50,47,12516.54
304,61,24,15543.75
364,51,49,19597.32
390,96,47,14859.4
316,71,36,6012.25
316,84,36,12231.23
355,18,26,7036.49
327,41,17,8900.56
393,91,9,10899.16
327,24,11,13143.08
315,14,37,7324.37
391,56,47,19121.65
394,37,16,10220.96
385,31,42,18150.57
327,87,43,13166.3
383,31,6,7274.79
329,50,7,14228.66
357,53,10,18446.13
359,62,19,12161.39
396,74,47,19432.83
382,82,41,6543.0
351,28,29,19942.56
349,89,31,9011.49
326,82,22,9159.05
395,58,30,17625.01
341,37,28,12046.51
327,65,14,11130.64
306,22,45,13217.11
390,75,50,17931.92
330,19,27,12074.01
350,85,13,17985.0
343,26,10,12469.54
387,61,7,12538.96
306,19,45,5709.64
301,61,50,9607.65
336,10,5,6643.77
307,29,30,14260.67
331,59,25,7545.07
313,10,20,10655.02
302,58,11,7759.3
376,26,39,19505.81
360,23,8,16355.53
311,83,19,16143.7
343,96,13,17848.49
318,26,41,18689.72
313,69,33,18771.95
381,62,49,12161.83
329,87,40,16111.94
386,73,40,11210.48
358,62,29,5631.81
360,75,42,7444.27
398,46,18,16687.17
370,24,45,13116.94
301,11,18,18617.44
344,92,30,7094.05
334,26,13,18248.32
360,33,38,17270.06
333,90,7,17442.0
372,83,13,18174.97
307,15,49,8766.23
379,70,21,16181.42
354,22,9,16621.47
397,52,19,13272.93
339,11,22,13781.01
302,15,38,9417.56
377,30,45,18413.46
383,12,18,10066.48
317,59,23,12632.02
377,91,5,5247.36
335,34,48,14562.37
311,89,12,19816.62
318,75,11,12543.11
344,89,7,15217.89
382,93,35,11564.07
363,15,31,7865.75
352,57,13,7374.06
362,15,33,7647.58
335,100,22,14207.62
363,83,37,6012.69
390,35,20,6737.11
322,90,12,6326.19
375,78,40,8071.98
371,26,27,16781.34
340,23,48,9451.03
373,61,6,18422.07
343,99,30,6019.47
309,52,42,7375.12
308,22,49,19738.16
327,18,28,13235.08
330,14,37,7274.46
362,91,38,5786.22
393,31,48,17366.52
395,83,25,19292.5
380,70,35,12137.77
347,63,43,11724.56
332,31,14,12864.46
317,73,27,11500.2
365,41,11,12845.59
351,77,36,19575.96
379,100,47,18472.82
363,72,31,9586.29
337,59,16,6197.41
366,15,12,7256.42
324,33,19,16174.16
394,23,13,6474.39
301,22,8,16686.88
376,100,43,8308.67
383,45,35,15502.57
390,46,21,14312.21
397,56,13,5235.83
393,91,26,6572.65
310,72,36,15309.17
359,36,14,5616.03
391,100,5,5895.2
357,46,13,6906.7
370,20,11,11256.17
310,54,33,12916.74
375,54,44,19375.95
317,79,8,9294.97
365,40,5,5564.07
362,97,21,14326.29
366,72,37,11973.4
302,49,27,13962.04
388,85,22,6546.76
384,47,36,19924.89
303,71,46,7649.13
359,20,21,15953.79
345,23,30,8993.67
310,32,14,17717.03
350,18,37,19837.85
368,90,17,18953.16
338,42,48,19161.09
370,66,26,17239.54
379,71,5,16739.04
353,12,9,19749.5
388,100,34,14192.18
309,40,32,14098.66
375,38,44,17160.57
377,69,16,8961.59
328,80,36,9172.14
325,53,5,17112.96
328,41,14,17421.49
388,76,44,15042.74
323,23,16,8576.87
387,64,16,6972.75
356,66,9,10904.78
351,85,35,7512.24
305,91,39,6868.78
391,30,37,15289.54
385,93,5,9133.47
349,12,37,12588.31
304,61,16,16160.09
302,96,27,17877.65
397,54,18,18008.83
313,84,15,10885.02
309,61,49,14709.98
390,65,50,10668.02
331,47,23,7028.61
397,75,34,13472.84
398,100,35,8843.53
315,64,24,18217.29
384,93,9,8444.82
319,44,17,6752.99
309,65,41,18614.33
370,56,48,15446.81
335,59,38,6323.0
372,65,23,14800.12
321,69,30,15583.41
386,21,44,7642.2
367,73,28,12325.35
306,85,35,18411.35
322,32,8,17070.77
308,23,38,10194.73
328,100,28,13304.35
376,61,48,17327.88
341,48,38,19342.49
335,84,8,8689.01
373,82,19,5535.33
355,80,21,15384.88
309,72,35,13112.72
395,25,24,10226.48
323,63,6,15013.64
395,50,21,17832.68
349,34,44,10540.68
333,17,12,6059.74
331,24,37,14757.14
385,45,9,17128.86
300,86,46,12437.06
329,12,17,14775.34
384,25,11,9039.95
317,10,36,17423.49
312,50,5,16503.5
342,63,30,8691.72
365,35,22,17139.29
362,93,6,8150.32
376,19,20,13883.12
335,34,34,10214.5
348,89,11,11268.74
378,13,30,10167.19
340,58,44,8331.64
349,63,15,12421.01
330,56,16,5585.18
324,74,10,18995.05
398,93,25,6466.48
353,77,15,12940.95
320,80,44,18889.34
360,78,32,18366.96
314,36,30,9794.97
323,45,11,10595.98
332,90,17,18167.61
369,22,29,12991.55
352,97,16,9903.88
346,70,18,6069.33
397,85,48,16300.06
357,64,29,16002.59
311,29,48,19155.88
381,14,33,8234.38
318,70,49,15668.84
383,23,10,8378.2
314,21,38,6447.4
341,43,47,10354.12
309,38,38,9198.33
373,74,38,7553.03
356,15,49,8048.31
339,97,25,6503.96
341,22,47,10616.32
322,20,48,12091.84
390,68,40,11874.01
337,51,7,15524.05
317,61,33,9512.3
388,72,35,12166.38
316,97,32,9896.96
395,89,24,18240.38
337,54,30,8858.04
349,93,12,19157.34
333,29,38,19388.86
306,12,48,17589.7
300,42,37,13013.71
374,58,22,11010.49
347,26,29,13557.75
318,97,19,15192.45
311,99,45,6180.22
361,43,41,19715.61
340,52,6,5638.94
383,87,10,10792.49
339,95,32,13351.63
391,96,45,16364.19
313,10,39,19194.34
363,96,47,10882.33
343,34,5,9977.04
305,10,14,6763.87
318,31,13,17121.2
302,19,50,18439.75
325,20,30,10623.38
320,35,19,19038.49
334,83,18,7020.43
349,71,25,13503.35
336,56,34,14717.95
343,60,18,18490.95
313,30,37,9450.33
380,46,24,14439.62
303,28,23,13250.38
343,74,12,7863.15
378,23,15,17829.42
378,21,31,19918.12
393,88,17,15255.68
325,14,40,15380.01
346,70,31,17416.08
357,37,17,12191.99
361,79,27,15967.1
339,27,23,14824.47
337,19,6,13317.24
338,77,7,16462.99
339,36,43,12976.06
346,21,12,9484.27
314,68,10,9886.03
362,63,26,11950.6
394,53,46,6259.36
397,72,26,19770.92
378,22,35,10079.54
346,66,18,5374.28
323,30,26,13665.56
397,99,36,9842.91
332,39,20,8322.06
388,83,44,9391.51
346,41,49,19966.92
316,44,40,18219.78
371,11,23,12192.76
322,42,38,8344.7
305,76,27,12286.78
371,75,10,10833.48
391,24,50,10694.23
327,45,22,19052.09
382,28,29,9894.42
384,52,7,13361.81
304,35,36,10901.12
374,41,32,16320.5
383,87,17,5563.14
361,62,50,17425.41
352,81,47,17542.3
377,65,50,6877.65
366,51,20,13176.33
388,90,36,8599.12
348,67,36,6539.36
326,70,50,19822.07
327,42,41,18232.03
389,28,35,10955.83
342,12,50,6134.41
359,53,8,7953.81
312,64,10,12629.79
387,24,36,6576.05
399,19,33,15520.72
310,30,29,13675.68
338,71,18,8885.12
308,72,26,13561.64
301,35,44,11297.29
340,86,45,16727.27
395,86,11,16038.88
391,40,22,14334.84
300,80,13,15741.11
309,61,47,13173.29
326,38,33,5458.19
349,24,22,9378.5
372,55,23,8556.87
373,41,12,11872.18
389,16,46,10476.48
335,90,19,18730.99
331,92,16,18558.62
319,87,26,15928.12
328,16,32,5339.48
315,56,20,16843.74
330,63,30,13721.31
375,62,8,18552.46
397,74,27,7074.19
307,32,30,16639.83
349,50,16,5280.52
342,60,45,5794.72
361,11,25,9056.84
371,96,21,18338.37
358,52,32,10141.14
301,54,37,19111.19
349,78,16,11701.51
310,53,13,12988.98
304,14,35,6458.77
308,22,34,16962.44
387,33,41,13284.12
380,18,46,9007.82
327,41,7,11691.44
331,80,22,14681.01
316,37,39,19067.85
364,65,15,16190.45
372,100,35,5628.14
365,65,5,13742.19
351,36,11,12759.6
356,75,26,6867.77
378,94,9,17864.58
351,86,12,7719.75
362,64,46,11979.44
361,52,33,10043.18
373,10,8,11466.66
329,89,34,5857.44
389,47,34,7119.05
365,33,18,6596.33
339,16,41,6898.2
341,66,50,5330.48
394,42,38,14784.45
365,97,7,11176.59
364,97,49,9092.5
396,76,19,12044.77
322,55,30,15390.19
343,59,27,18113.02
325,79,35,11600.72
315,10,39,5776.74
348,95,18,13341.27
309,87,15,10054.2
336,44,36,5596.34
361,61,24,19681.2
332,49,33,8561.29
308,65,9,9817.91
331,42,31,6293.54
324,37,42,7508.61
318,41,34,12199.46
396,49,18,6164.37
356,27,45,15071.74
302,37,26,12942.9
374,45,39,19040.89
341,89,16,11355.04
307,85,21,10877.34
379,30,41,11925.64
372,73,47,13890.78
333,55,20,18323.71
321,28,23,12045.77
364,24,34,11720.03
360,54,49,18483.35
313,37,13,16101.85
311,27,34,16457.11
316,96,34,18462.35
351,71,24,13116.25
313,80,19,13878.43
374,30,41,7800.12
320,16,12,14721.33
358,74,38,11663.64
379,58,31,5125.22
342,56,16,11121.11
313,94,34,15508.97
316,45,48,9146.86
393,19,45,18397.44
337,79,31,12082.14
330,12,7,19407.8
399,11,42,15347.38
334,18,13,8241.33
391,81,38,18122.32
385,27,28,12811.19
384,60,8,16548.04
345,30,13,8796.54
341,91,9,19381.1
336,79,26,6448.62
384,80,44,11418.54
371,78,14,7269.14
346,25,50,17313.72
340,46,15,8813.76
371,94,6,9357.03
334,56,49,12100.19
345,30,35,13590.43
383,24,28,12775.86
369,29,26,14764.94
390,39,23,14411.59
323,56,45,14708.25
337,71,37,12587.5
302,78,45,14998.87
327,57,36,9332.18
392,14,12,19880.91
329,50,13,14469.94
354,42,10,5673.64
304,25,19,10815.15
333,10,24,18207.26
326,85,18,19907.64
361,18,42,14618.93
375,32,9,16689.53
338,74,44,12391.89
325,99,21,19426.19
375,99,32,13503.79
358,19,38,10201.26
391,85,13,12407.13
307,99,21,8251.76
303,32,39,8982.34
329,86,41,12536.11
345,41,12,19903.42
327,85,9,7560.42
304,14,44,6761.17
338,83,48,16014.73
344,62,13,5689.28
316,74,9,10454.25
305,100,22,5312.26
356,37,34,6349.02
360,52,41,9569.94
332,98,27,11616.45
305,35,14,16360.03
355,93,43,12570.64
336,51,19,13557.32
327,24,5,10877.54
353,97,17,8448.59
331,62,45,13734.5
337,18,12,18087.04
314,62,43,14040.59
319,32,33,17518.91
382,19,22,6050.52
390,80,21,19060.64
330,32,47,7722.16
311,27,31,13970.32
388,82,27,10319.4
374,41,10,11894.58
373,34,6,8213.77
318,66,11,18723.21
353,10,7,7387.02
377,42,29,18163.8
391,78,31,17197.87
328,14,38,7651.47
321,54,17,14426.08
371,31,14,19713.37
386,75,5,11164.96
338,78,15,16977.78
398,64,20,9616.81
368,87,14,16309.48
359,34,48,13023.07
330,35,8,13664.2
349,84,12,10983.21
392,32,5,15344.86
357,77,40,8950.08
378,97,24,15520.94
317,16,11,19122.86
328,66,50,7174.07
345,17,27,9200.17
302,15,44,16678.78
362,35,47,19356.16
354,12,30,17206.65
304,75,50,13804.51
341,42,26,13972.67
325,74,9,18232.97
349,25,5,8569.95
391,66,33,7589.45
344,11,47,7610.54
325,46,37,19764.36
334,37,19,8642.34
344,31,13,15037.64
315,28,36,6719.34
337,84,10,9169.31
315,18,20,7847.68
370,76,9,11560.55
307,61,25,15669.37
353,59,38,12793.98
385,46,32,17223.48
340,24,49,10130.3
318,68,13,19953.14
367,95,34,13109.51
376,70,11,10449.21
377,24,26,8218.08
317,68,12,17876.83
312,31,28,7213.37
368,47,39,18766.25
322,68,33,16671.58
382,14,43,7465.15
345,83,38,16370.14
379,52,20,6401.1
337,93,26,6367.67
318,36,26,17106.2
385,47,10,5307.6
339,85,6,7205.07
311,25,48,15854.23
341,26,21,16749.41
363,83,33,15052.61
344,99,32,7213.72
367,73,5,5237.81
377,53,19,11385.49
387,35,23,12850.96
385,91,45,16584.54
309,11,14,8263.69
393,56,41,16629.84
329,62,26,16626.03
398,41,12,13350.09
367,91,14,9908.12
382,76,11,12260.69
304,89,34,6789.23
366,69,23,14737.7
336,33,40,17705.6
381,68,12,5126.19
366,40,31,18231.98
316,95,23,13682.95
368,13,20,11144.79
361,77,6,11387.67
345,32,14,18106.74
334,80,40,7819.93
359,27,48,12612.58
339,23,25,6084.89
344,98,43,15679.27
381,81,11,9861.91
364,26,48,10828.66
306,77,36,13340.59
329,76,24,6283.49
382,15,23,14253.13
358,34,38,12224.9
326,42,39,18385.21
366,16,7,8351.46
315,63,22,11058.84
389,93,28,18957.81
320,59,14,7829.86
338,26,24,12464.24
327,50,8,6029.65
301,69,8,11606.82
369,78,31,17081.68
335,23,12,10601.09
311,82,39,9627.02
390,28,43,7200.43
329,18,31,9704.51
339,98,36,15812.65
322,52,18,5647.57
378,55,42,15437.56
381,41,10,6333.78
334,60,49,5093.91
352,58,8,16313.01
339,25,7,11862.64
338,10,49,7730.14
370,45,5,12626.86
327,11,8,11723.04
312,25,33,10694.82
336,65,20,12551.59
362,13,45,10430.14
389,25,40,19716.64
357,22,24,8206.94
308,53,48,9228.51
315,90,6,13811.33
371,19,11,13117.81
350,50,48,12527.28
384,36,19,13745.37
306,65,15,19849.12
306,17,44,13104.22
335,46,45,16480.33
372,31,8,6512.25
363,79,46,7946.9
397,84,49,8486.67
359,25,5,7338.7
301,12,16,5941.77
381,78,31,9931.31
358,11,6,10112.72
330,59,30,11144.71
393,19,23,11810.41
336,87,26,11531.3
354,81,41,19439.71
388,10,18,5601.27
399,42,45,17983.74
354,95,44,16805.46
343,20,22,7039.39
306,32,38,14080.92
300,93,8,8905.67
391,41,10,12084.23
323,43,44,6449.99
390,99,39,10874.12
374,29,45,11061.62
336,52,23,12245.61
385,91,46,14282.21
361,77,35,9834.0
338,90,46,18724.73
308,64,19,17932.9
351,59,13,8639.02
343,48,29,18886.06
357,57,40,12203.45
341,70,42,5220.57
330,45,26,15804.43
318,50,36,19316.98
351,27,17,19811.81
330,89,29,16493.21
387,44,46,18300.95
395,54,29,9720.54
381,72,18,16193.59
302,48,25,14889.84
372,44,41,6472.67
352,89,19,14512.0
374,11,14,13500.64
366,68,11,14040.25
321,30,16,10702.76
381,23,18,8670.58
327,11,16,12816.94
359,35,7,15959.36
304,62,48,12330.76
347,18,42,13263.86
342,12,29,13856.71
321,70,9,6768.44
304,98,44,7799.15
306,27,12,5595.12
353,14,42,13117.79
383,50,9,19733.34
372,32,20,15172.95
337,81,45,15815.15
340,75,13,5329.84
382,51,26,19574.11
384,72,11,10533.29
380,76,31,19008.65
392,43,36,19711.85
334,57,21,8463.43
364,62,22,8103.82
368,51,44,16494.81
358,41,9,9059.58
324,63,33,17198.62
379,98,49,12455.93
350,55,10,9877.68
356,20,39,12621.77
369,72,47,12479.54
338,55,48,12495.28
377,68,48,17660.15
330,56,13,13852.03
391,13,48,9879.77
340,27,50,15287.16
346,29,41,13544.63
379,26,11,8585.52
318,11,43,11357.66
311,17,6,6028.55
395,88,12,19604.38
327,86,39,19694.15
383,46,45,11098.73
363,68,5,5454.24
307,83,6,14341.42
323,15,13,7531.46
344,32,44,7155.26
396,92,39,17273.38
356,19,17,9582.89
364,93,25,12169.02
389,24,15,12077.92
302,27,40,7879.34
380,76,8,17860.76
317,44,47,19219.83
362,15,31,14024.51
345,82,26,8950.21
309,73,19,10165.93
322,19,12,9758.49
343,55,16,15778.38
359,100,25,17339.42
335,11,21,6486.29
367,13,35,11152.61
334,96,21,17061.32
322,71,21,19846.72
331,89,16,10924.92
361,99,13,16790.29
340,84,50,5826.36
343,91,11,9335.26
320,41,19,14061.8
320,41,25,15221.33
376,34,35,9504.24
376,30,49,13729.52
304,21,11,18128.72
306,46,20,13979.5
377,30,18,14110.83
375,90,9,14613.97
332,78,41,12686.36
397,89,26,19112.18
374,70,42,5312.19
367,78,20,8280.25
386,59,25,15062.04
368,20,50,15168.69
348,16,18,9637.96
362,83,7,16454.63
383,82,24,18203.39
319,10,26,18415.39
394,76,25,10943.51
378,75,44,19512.69
322,47,25,18150.3
302,53,6,6018.53
343,58,24,5247.11
396,29,13,13610.76
343,65,8,13665.86
321,67,47,18374.44
397,64,35,8082.57
349,77,39,12493.36
304,10,10,11204.05
348,50,8,12665.77
324,57,25,6597.28
358,70,32,10402.93
317,87,17,12902.81
304,15,41,9294.77
352,23,31,10003.92
320,83,45,7515.84
359,15,8,19611.29
395,48,5,17129.45
336,72,46,16837.99
397,31,48,9745.38
391,62,46,9265.16
377,49,6,8312.29
374,81,25,18857.02
305,47,11,6050.23
308,36,48,15076.48
335,62,14,19158.75
399,55,19,11420.32
369,24,32,6836.59
355,31,30,17805.63
330,29,18,17885.49
353,68,38,16423.04
337,74,7,19235.12
317,20,38,13246.04
352,57,31,19028.79
367,53,13,5177.05
387,34,31,13779.45
324,19,5,16786.58
301,18,43,15343.44
384,40,23,9729.68
384,57,34,8385.89
354,36,39,16979.17
341,64,48,7924.24
379,71,45,14508.18
336,13,37,5509.08
320,36,13,13633.62
364,41,46,8731.77
366,67,5,7935.53
386,50,50,6228.45
338,100,42,8756.95
311,94,5,11234.25
333,80,13,18502.51
360,59,9,15247.67
313,92,40,18420.99
348,46,29,8807.02
374,29,30,6798.61
394,14,24,13128.38
386,53,40,8233.56
380,79,30,19879.15
395,32,49,19467.47
306,55,41,9536.62
349,86,24,8972.5
372,11,19,10128.67
332,48,33,6910.0
315,92,33,14123.5
373,71,10,5865.76
312,56,50,10141.31
361,20,47,11611.72
381,40,17,17812.19
352,93,44,17353.64
325,99,37,15125.28
357,82,27,13193.18
378,37,19,19438.94
395,18,49,5380.6
333,65,20,12802.34
344,84,13,19074.11
387,29,9,7904.83
325,25,31,8741.84
300,25,29,13520.29
325,95,26,9487.93
365,14,40,12702.19
357,50,30,9264.91
391,16,32,12219.08
393,68,6,6661.86
360,59,50,6168.18
345,39,15,13334.0
353,51,13,11983.41
304,99,5,9668.92
392,25,14,14431.64
348,10,15,8481.8
386,99,8,19537.83
380,91,17,11779.45
319,63,23,18806.79
338,89,24,9777.55
356,44,44,6868.66
369,92,48,12312.73
346,99,6,6849.09
320,66,22,7466.46
323,70,13,8729.72
352,34,24,11916.76
349,38,13,18541.25
308,84,16,12978.4
385,57,41,8281.09
358,53,20,9168.98
368,73,19,16380.66
326,15,42,9758.12
356,29,42,17403.32
320,97,7,15342.42
354,52,40,5167.62
353,44,24,10317.81
360,97,20,11302.51
387,16,31,7840.11
377,76,37,8532.98
339,76,40,5075.25
379,90,46,16512.77
318,54,33,19192.46
362,54,23,10018.49
369,99,38,10773.04
363,89,47,8422.93
367,41,8,19404.09
359,34,16,15111.77
326,81,33,6688.55
339,56,21,7256.44
376,11,45,19510.9
317,52,14,8491.08
379,62,29,17946.19
390,35,9,14364.55
354,73,13,15831.76
336,54,47,8277.32
315,30,28,5788.86
370,82,14,17603.78
330,20,23,6220.64
366,41,17,7741.29
325,22,9,16178.9
344,35,26,17915.71
352,92,32,5456.53
326,71,42,16289.25
340,74,31,11002.78
311,89,43,18520.49
361,44,31,5405.21
398,91,7,16073.91
372,84,40,5306.08
327,52,42,19565.82
301,97,8,7490.91
301,50,32,18366.37
371,89,18,6563.66
390,23,35,10794.72
365,31,22,16766.29
310,55,37,19936.94
349,94,47,6429.38
333,20,12,14138.75
356,82,28,10147.27
378,96,6,14925.33
352,92,29,12708.15
321,26,38,6642.85
390,82,21,10651.79
328,76,37,5756.93
395,93,16,13116.85
331,65,33,5189.15
330,20,48,18353.52
395,89,7,5627.02
353,26,10,10690.12
362,61,30,11411.37
393,21,33,6390.16
336,26,23,7905.42
370,22,50,13500.35
369,44,9,11217.91
380,15,46,15046.38
327,27,6,6577.35
320,77,45,17506.52
381,27,42,11502.46
388,39,11,16465.91
325,93,43,19652.84
390,66,46,6736.27
339,23,29,9902.09
386,72,39,9128.7
350,62,28,17736.06
345,59,25,12311.37
382,29,13,11190.42
307,36,42,11269.48
321,89,12,11684.47
334,80,50,7163.79
387,78,40,12341.05
396,84,23,13399.98
320,83,47,11237.63
325,85,11,18747.37
364,63,13,9694.14
346,37,40,10694.65
376,27,45,17552.45
333,78,30,8405.04
338,87,16,7352.22
320,31,50,18057.72
379,25,21,13131.3
349,70,27,13412.22
333,96,35,10155.15
300,72,42,11981.27
386,59,28,12544.98
328,37,6,8423.29
378,56,35,17409.56
328,41,32,13390.71
318,84,5,17168.43
382,35,50,18495.97
384,36,37,13877.53
379,55,24,11597.81
384,22,17,10044.65
343,99,8,18378.99
323,75,49,10749.4
304,57,39,6598.14
397,26,7,18411.91
322,19,28,10298.75
384,36,39,5321.81
355,13,43,19054.74
354,75,37,19790.11
313,15,30,8244.65
371,62,15,16688.86
327,91,33,19687.19
392,59,25,9889.58
380,14,42,13209.78
366,77,20,11406.72
351,49,5,17996.21
348,92,9,14484.33
321,33,22,9949.19
350,27,26,19354.11
372,83,48,18467.72
397,52,43,5921.45
371,95,29,16773.84
358,13,29,19006.02
340,60,29,14510.05
363,24,50,13554.23
315,80,43,7568.54
362,55,9,12402.23
307,22,44,12980.41
369,18,46,15968.31
393,68,33,14873.54
336,29,20,8852.44
309,83,40,19616.59
329,99,44,18821.45
399,30,49,7421.94
378,94,24,10120.03
354,30,32,13319.94
365,44,8,12381.39
382,49,19,13088.14
335,42,8,9132.19
357,21,16,9814.04
361,27,42,10520.9
334,49,49,17073.41
392,22,47,6857.22
384,12,25,17833.81
369,43,31,11391.88
341,47,13,15430.47
330,64,20,11866.24
353,68,39,14835.21
306,62,8,14022.46
361,37,7,9780.07
397,52,47,12223.58
317,10,29,15486.65
314,78,18,19653.33
383,43,37,6694.8
377,64,6,10788.2
322,49,12,14467.25
312,37,37,17366.83
349,97,6,10308.68
315,34,10,7103.57
337,92,45,19756.43
373,90,5,16157.37
340,74,38,5125.7
320,99,43,11369.03
304,99,27,18324.42
373,57,16,18526.18
313,17,39,8613.27
322,14,44,6487.22
383,72,31,9622.24
357,46,5,12519.98
370,74,28,7967.18
332,52,47,9054.21
301,99,18,15871.57
362,34,19,6025.29
304,79,20,9142.77
314,14,19,8222.23
360,42,50,14659.97
390,65,6,15052.61
384,77,46,9976.25
308,39,27,6649.48
387,41,14,5891.01
374,83,34,18967.11
330,33,34,11974.74
372,67,32,16551.97
347,81,49,14230.72
344,24,26,13723.38
377,68,13,17751.26
393,13,37,8630.23
322,58,12,19802.88
369,62,20,14430.4
381,90,12,5636.45
339,23,28,5754.52
364,78,21,19541.6
340,96,32,18093.03
328,84,13,11488.44
326,30,13,11988.03
303,34,20,15928.14
397,24,45,6817.84
393,75,48,18308.62
382,68,49,13444.91
388,96,6,19617.97
352,32,36,14139.93
330,77,24,19552.26
312,75,31,9059.14
385,98,46,5373.14
338,62,24,7961.4
320,93,50,18596.13
378,17,24,14023.61
360,33,16,5651.52
327,68,14,19116.74
345,32,15,15607.01
303,23,30,5136.53
308,89,14,17179.64
385,89,36,13067.88
331,11,20,14632.95
381,24,10,5673.74
331,30,39,18510.79
341,64,6,15230.0
370,25,43,17544.33
325,96,16,8552.19
320,67,30,14795.36
306,46,40,9544.98
394,70,21,7521.96
369,26,26,13079.08
359,99,15,7069.93
371,36,6,6227.71
358,26,14,19848.56
346,10,41,10357.06
381,26,34,16998.96
384,23,8,7373.7
328,51,27,12098.97
345,45,46,15737.4
368,37,50,12487.59
388,17,25,8184.41
306,16,15,5565.57
337,85,33,5775.97
318,89,16,12268.53
307,41,13,5294.62
394,65,32,5772.94
373,87,41,12577.87
369,60,20,11297.98
357,41,14,9468.09
317,45,17,17284.85
350,95,24,9476.09
356,64,37,7885.62
347,18,9,11897.28
322,91,9,11602.54
372,86,38,9829.58
375,21,37,18028.04
323,59,23,13256.23
366,37,13,8260.1
329,56,41,10839.33
323,56,49,6121.97
328,27,39,8983.42
334,73,9,5174.57
348,84,10,8223.59
335,40,26,7913.03
315,10,42,16894.78
390,24,26,8151.13
350,70,11,14975.24
300,39,49,15839.51
302,43,50,9909.83
322,47,38,6345.88
304,79,25,13831.12
315,64,11,10569.62
355,84,37,11277.07
344,66,31,12621.65
340,22,26,6177.96
387,77,24,9719.24
324,61,47,18937.93
367,76,47,11242.6
386,57,35,10373.37
392,46,10,17781.39
383,32,7,6461.3
366,84,44,8036.41
311,75,47,5680.9
324,86,34,9437.89
362,95,8,10820.47
305,35,36,10814.42
385,17,11,16039.42
326,67,33,12108.41
345,98,39,14198.01
359,45,46,18654.53
355,44,18,11784.01
325,82,50,17914.94
362,31,6,16888.19
331,65,24,6411.23
327,56,33,12704.42
316,35,47,6723.7
385,21,11,16793.65
323,88,30,6050.25
313,43,31,8671.5
332,97,42,11879.56
398,22,38,15543.51
398,94,46,13258.02
303,41,17,9229.54
330,38,24,18662.12
379,19,25,7934.59
366,90,7,7348.05
334,77,15,10879.13
333,35,9,11618.32
364,51,46,7092.84
395,87,26,5003.69
378,90,19,9156.19
359,76,35,17655.49
310,91,48,10966.72
386,32,7,15253.88
378,51,30,7908.72
383,41,9,10277.81
332,94,37,15925.63
387,86,36,18845.05
306,36,40,7644.17
395,91,12,8469.47
359,56,19,8145.0
381,14,49,18405.06
320,58,26,10106.75
350,89,32,15361.83
321,68,6,10815.38
323,11,7,12099.8
313,93,49,14594.88
380,26,31,17236.27
322,62,6,8187.01
339,81,50,18970.45
346,37,43,9063.48
390,61,38,8737.5
353,21,38,8217.39
312,79,12,9500.91
360,73,35,12474.31
371,64,16,11414.73
301,22,8,15957.04
364,84,20,14456.33
319,27,32,8810.1
355,27,9,6677.71
356,39,27,5587.26
335,98,10,12785.11
305,48,42,18859.19
325,71,10,7933.49
377,99,5,6705.77
306,39,26,5444.98
384,16,47,18890.6
351,66,12,12494.77
387,49,43,12168.9
381,41,27,16529.5
333,63,26,8191.33
312,97,27,5307.52
303,63,23,17536.55
355,93,47,17519.78
371,46,23,16552.72
395,18,30,9880.67
395,21,45,15205.78
374,10,25,8595.44
366,99,27,12489.32
389,12,37,7496.81
319,36,40,15663.13
382,100,23,9684.12
384,65,40,14618.48
364,77,24,13408.26
308,81,29,12120.8
317,45,32,9366.29
359,20,26,18223.16
349,40,32,11731.33
371,55,33,9628.85
323,22,9,7438.13
348,77,15,6246.45
318,47,26,12794.81
347,85,39,12777.7
367,56,38,11681.66
353,31,46,7977.05
376,26,33,5521.29
361,94,16,11221.64
390,54,50,8937.56
311,100,31,10184.97
386,18,45,19456.26
312,10,21,5113.47
378,23,21,9748.83
331,30,18,9836.49
312,35,25,8995.91
335,72,12,6697.3
376,75,18,7605.81
395,70,25,18418.79
396,54,19,17405.02
309,44,16,12930.11
338,69,11,17887.96
343,50,25,12989.47
396,23,50,10535.51
372,54,19,10129.08
308,35,24,16206.01
389,79,29,8000.86
370,78,18,5847.94
399,71,41,18307.81
375,68,13,5183.8
375,35,11,11769.51
317,84,41,7985.18
379,45,38,10238.77
350,64,32,11003.93
377,22,8,12984.61
396,20,41,8714.54
311,64,6,19360.11
344,62,9,17745.33
319,33,28,9794.28
312,93,39,12687.93
399,66,5,13938.66
312,32,25,5831.47
334,71,39,5985.54
312,95,46,7119.02
319,65,31,12519.5
356,16,6,8092.4
383,45,29,16798.02
366,75,49,17152.13
373,27,5,16671.62
379,42,25,14885.43
307,95,48,13280.55
338,84,11,14435.88
359,76,46,18370.6
346,74,42,9438.76
338,67,49,13182.85
328,72,20,15692.25
310,85,49,13386.02
311,41,22,19205.14
391,31,45,5247.92
397,58,33,10506.2
343,100,31,6147.77
387,47,34,14396.02
376,31,24,14889.72
374,91,27,5679.7
369,76,23,14344.03
334,63,28,17504.82
395,47,23,11942.6
388,13,13,14443.44
340,78,14,13196.5
302,37,31,8037.54
340,24,36,12572.51
371,99,31,12915.17
347,97,24,14326.84
303,64,42,13022.81
390,78,47,14075.05
363,49,32,7966.02
348,63,14,8155.27
366,87,20,13071.87
314,85,32,15971.15
357,57,27,5158.18
363,15,40,15920.09
389,37,37,10281.3
322,97,42,13320.02
358,95,30,6355.54
399,66,50,19331.18
321,33,16,16029.09
302,42,50,8283.79
341,41,13,19195.47
314,16,42,14503.15
337,66,10,7187.62
352,21,39,7080.18
312,72,25,10417.88
368,23,19,14128.35
333,93,10,9680.35
374,74,42,15794.4
347,47,25,12624.86
367,24,16,19526.65
390,43,32,7208.93
335,44,37,10724.58
345,98,18,9655.31
399,37,38,10479.67
399,64,34,11247.49
394,32,5,19307.12
336,14,14,8879.68
314,59,47,15045.7
396,30,15,18735.51
333,61,49,14813.94
368,10,34,12237.59
378,16,9,9921.86
303,40,5,17514.07
387,42,44,11759.11
392,17,21,8301.81
323,86,32,17178.31
347,23,6,8405.88
381,21,16,6365.2
303,97,25,8575.54
356,33,14,12400.97
324,84,36,6539.06
395,95,22,15140.27
319,90,36,5283.17
395,76,44,13582.55
330,54,10,19742.78
360,78,45,15007.39
336,80,36,10556.23
306,35,20,8840.43
371,18,28,19508.94
323,22,30,12673.21
374,59,37,15319.0
344,51,29,10373.85
332,98,36,13408.67
300,34,19,14478.27
370,30,31,6414.2
354,58,49,19761.32
384,17,31,14463.4
316,90,16,17585.99
382,79,50,5527.52
339,28,40,15226.22
362,57,16,9170.09
315,78,9,16777.41
368,96,29,14308.04
384,79,43,6041.92
334,64,8,13210.03
334,85,8,16640.66
366,57,20,15564.65
321,43,14,18037.62
356,42,38,17178.02
322,86,19,8824.67
339,80,13,19375.07
343,45,25,15904.25
353,79,16,13830.95
394,88,39,5827.44
326,51,45,16435.22
322,94,42,19723.35
326,16,35,8952.59
335,68,47,12602.41
364,38,23,8248.3
337,60,47,5264.7
313,61,49,16916.37
386,17,40,9803.12
339,48,38,8412.17
333,10,34,17853.74
335,10,36,13161.99
347,92,42,18992.24
379,94,40,8093.43
301,54,23,6088.61
342,19,36,8553.21
367,80,13,15949.87
321,93,36,18121.23
324,57,32,5359.59
318,47,48,16252.76
395,83,18,11773.14
378,13,5,16299.19
359,56,18,17461.89
344,15,47,16371.37
308,21,11,9942.52
386,30,24,15337.97
304,44,37,12608.58
382,83,21,8183.54
323,46,16,11615.55
304,93,22,8941.09
340,66,36,15958.33
307,52,31,8055.41
331,47,23,9910.21
379,55,19,18694.16
376,35,38,8602.66
330,75,13,18652.39
306,73,7,11520.36
359,42,46,17603.79
300,67,32,18104.31
307,48,9,16358.75
373,15,38,14081.93
344,66,41,14156.58
335,70,34,7350.98
340,59,13,12216.32
303,22,15,15777.41
325,58,6,14557.54
307,100,44,8438.33
378,65,42,7789.93
367,13,27,6525.45
331,85,26,11086.51
363,41,28,15727.07
311,41,38,6901.42
352,56,41,10556.32
380,62,40,12600.39
306,75,45,18975.6
348,28,37,12940.28
374,69,35,6650.9
307,38,10,13379.63
303,60,30,15303.81
342,46,14,7368.83
355,78,18,14572.54
382,79,12,10256.46
307,61,23,16799.49
333,78,39,9714.41
334,55,25,19685.84
334,49,46,19098.32
327,75,33,6467.33
395,43,22,7473.97
393,51,18,6029.72
332,56,33,5971.93
338,13,25,7062.07
345,55,31,11109.17
353,33,35,7183.12
382,81,37,19975.98
347,44,50,7574.53
369,73,40,15434.0
362,78,22,10311.62
312,55,42,14188.13
395,73,8,6729.61
353,64,25,7205.92
354,79,16,7653.52
373,50,7,16816.7
394,91,11,13638.27
319,58,32,15877.42
302,66,45,12186.05
394,54,39,14214.77
381,80,9,12766.96
361,20,6,8828.76
383,76,7,11119.47
326,44,19,7805.27
332,43,50,13594.25
338,96,20,9583.11
310,60,21,17416.37
377,40,22,11275.92
393,55,6,15508.83
355,58,21,13593.12
397,79,24,13340.34
310,84,46,8712.39
349,16,9,13148.94
310,51,21,9747.4
364,84,50,10621.96
312,62,48,9033.22
380,87,26,14176.33
363,100,35,18582.68
314,95,12,17877.03
363,95,26,14008.25
351,99,17,5122.75
335,91,28,17705.52
395,79,44,13634.3
310,63,34,14075.63
361,97,19,14948.1
357,58,30,13655.76
391,60,25,6609.98
363,79,48,9988.73
353,21,19,7040.46
363,52,29,16294.34
380,23,31,8033.44
365,64,38,13144.54
399,14,24,10420.77
327,40,10,6368.01
357,17,41,12673.16
397,42,42,14182.15
305,14,11,15942.41
360,76,43,15240.89
372,97,5,14290.1
347,18,22,19786.4
332,51,44,10591.45
341,12,26,12031.02
312,58,7,6411.22
360,64,42,17014.87
392,91,42,16082.57
387,63,50,5209.8
330,69,10,12202.03
373,85,44,19250.81
340,43,43,11621.27
356,84,50,19601.01
368,68,35,8791.09
399,22,29,8979.93
367,70,27,13454.87
305,45,8,18172.63
362,95,38,9414.61
351,68,16,14366.49
304,63,36,12578.7
349,57,45,6061.8
310,85,33,17846.36
315,71,36,6584.38
311,46,18,6350.96
315,76,17,9967.68
357,67,29,5014.12
332,60,16,7573.34
310,84,20,11583.51
312,17,6,13286.31
368,67,37,12927.85
321,44,37,15988.24
390,16,48,8090.28
365,28,49,9336.03
337,55,31,16302.28
300,38,50,19925.0
371,35,7,6921.46
309,57,24,13597.35
320,74,32,6336.04
399,43,36,7544.76
331,12,48,14433.3
324,21,35,9534.97
357,50,13,19135.4
331,75,49,13999.08
362,74,19,11042.8
393,19,48,16224.4
382,85,29,9702.28
317,22,7,8457.57
366,70,46,7567.9
356,80,43,16796.32
398,13,45,14343.11
359,80,12,7213.3
380,27,27,16400.61
356,44,15,7099.06
399,94,46,10018.4
339,51,27,14208.76
344,72,18,14891.28
396,43,22,7662.92
309,83,12,8061.71
394,61,37,10406.45
309,36,31,15802.27
325,17,18,13137.33
335,46,45,9415.54
340,11,5,14944.78
332,78,21,19270.13
393,97,10,7741.36
350,89,26,8911.17
345,69,17,19043.2
374,59,37,10315.61
300,49,39,12274.81
305,65,16,16254.3
315,78,44,11159.64
313,16,10,12430.72
399,93,17,6767.41
313,98,25,8950.42
356,85,36,7888.19
381,28,27,15935.68
322,40,8,17276.91
324,23,45,19980.63
332,94,38,14885.28
326,89,18,10503.25
340,69,17,8292.04
309,15,46,5714.61
309,88,8,10304.9
302,57,12,17002.35
307,17,48,18481.98
324,82,33,7668.23
394,27,40,15025.54
384,94,10,18354.69
331,58,8,18004.12
350,11,33,9807.32
340,50,16,17505.81
347,80,36,8091.0
303,89,29,18868.93
370,40,21,8868.01
329,83,37,11463.71
341,88,26,17153.21
363,100,23,18623.85
394,99,27,14111.41
355,63,9,17281.58
306,86,46,16884.32
311,100,32,17760.68
335,21,26,6716.07
388,83,14,14683.7
306,91,23,13060.39
380,98,8,17924.8
386,75,5,5453.89
333,18,34,19802.19
349,25,19,8416.56
353,12,43,17811.14
364,52,19,7618.43
395,44,10,18847.67
324,69,8,7036.24
350,64,49,13061.49
356,62,26,14391.02
393,30,16,8922.21
351,11,48,17361.34
392,12,50,11645.16
366,64,29,16111.86
348,90,49,12332.32
362,96,47,18848.93
398,54,48,9935.35
337,82,28,9057.85
312,13,42,5224.6
360,78,21,11666.28
319,23,27,15083.79
396,72,15,9228.94
357,50,20,16772.05
301,75,38,8483.23
333,62,42,15269.92
345,38,47,9808.69
318,81,14,10932.26
370,23,42,9174.47
300,29,38,19187.75
372,51,20,19206.52
346,26,14,6470.02
310,37,46,17364.62
345,45,44,14177.63
323,35,18,10257.4
308,93,47,10663.76
391,51,34,18208.15
343,86,39,5013.1
362,10,31,9174.96
332,67,28,5523.84
386,95,21,15853.44
321,86,31,10987.47
356,67,15,10512.59
374,100,34,8210.43
377,61,28,12460.43
320,73,7,17762.44
391,14,32,8979.05
312,45,40,18632.29
363,15,37,18011.08
356,19,9,7163.02
328,39,48,19289.78
398,60,34,9947.95
397,100,27,7487.0
385,26,22,18328.8
394,29,9,17776.24
390,80,42,17259.76
383,89,44,19666.89
396,70,29,5017.62
337,47,9,14806.72
317,64,14,17668.74
328,53,24,10536.16
380,79,30,8699.83
380,82,47,14781.31
365,17,27,16562.87
300,76,19,13404.19
345,27,5,12755.09
301,63,49,17332.37
353,37,38,12933.26
385,16,25,15482.8
322,10,42,16559.76
302,40,44,17882.37
368,93,45,8165.24
317,67,19,8387.59
394,77,33,11229.24
351,34,46,5769.03
375,60,14,13621.0
365,93,31,12391.51
309,100,34,9271.83
341,10,42,6161.55
355,59,46,14469.8
385,72,31,16339.99
339,46,50,10406.17
354,10,13,5113.18
357,75,21,13744.36
366,20,25,7215.02
347,24,11,9619.38
399,84,6,18180.23
378,12,46,6275.58
324,63,28,11310.82
313,72,11,11577.53
367,20,43,13025.3
315,87,36,5316.77
329,74,18,10726.88
313,68,40,16198.44
367,81,38,8136.73
369,33,9,18980.03
308,96,5,18040.4
389,92,24,10356.82
318,18,13,7962.2
337,20,21,19834.81
313,43,30,16535.1
398,79,21,8890.42
381,86,41,8759.25
376,55,38,18547.93
369,13,41,10114.56
350,98,30,8145.62
307,12,47,18269.26
385,82,33,15897.84
315,27,44,9280.66
305,71,48,16878.91
327,90,32,13342.68
347,78,35,10270.81
338,88,30,6487.8
374,12,33,18727.56
317,82,21,6740.67
393,93,26,12657.42
394,45,21,13586.51
355,50,26,17798.97
334,56,17,5988.76
378,12,39,11360.32
365,39,37,17990.69
309,13,41,7619.72
313,39,25,13294.52
365,28,33,13294.1
350,32,6,17618.32
383,99,47,5634.27
371,16,8,7342.42
319,18,32,12658.1
366,20,28,16656.36
338,67,5,9654.73
314,11,32,9095.45
351,28,43,13140.04
360,37,5,5379.99
360,39,48,8644.67
344,35,39,7144.7
348,99,28,8129.24
312,63,40,12370.26
357,32,46,16788.8
354,51,49,17562.36
342,16,6,11095.36
356,52,31,15157.0
392,21,5,18966.74
345,20,50,11818.17
345,69,34,16406.88
334,89,11,6456.58
383,23,48,7769.86
305,57,26,8053.68
351,47,21,16941.87
357,57,5,15766.24
385,71,22,9910.48
394,58,39,10867.77
394,69,21,8994.35
340,73,17,8975.42
398,27,22,11419.21
337,12,33,5893.32
320,38,29,11735.78
354,19,39,13530.62
342,83,30,15748.03
353,67,41,7640.85
376,61,45,10914.24
316,51,5,12537.35
346,64,41,19873.29
377,67,19,8494.28
392,56,48,17326.94
375,66,29,6479.35
340,39,39,6415.15
330,45,21,12273.87
348,56,30,9963.09
321,81,14,18245.13
306,16,27,13686.11
395,55,21,17313.47
391,91,47,9786.81
363,99,28,7489.84
339,60,9,8057.37
386,75,50,12152.63
345,40,9,17254.07
370,53,38,15334.63
391,88,29,15292.51
302,14,10,12510.0
375,31,50,16705.31
375,32,35,12973.89
380,80,5,18078.19
350,42,20,19528.01
305,64,21,15756.65
353,36,17,17724.81
363,38,49,7971.17
388,16,28,17857.86
362,20,13,14486.97
315,77,37,17326.98
358,65,36,19298.79
301,53,15,5087.66
343,49,30,6655.76
386,26,28,14463.85
307,99,31,5131.76
393,40,38,13060.42
330,19,30,10206.79
322,14,45,14268.52
385,84,8,10181.14
320,61,47,7268.71
324,51,14,17619.1
393,94,35,5975.9
315,83,28,15993.19
358,42,23,11390.06
398,62,28,7662.2
371,51,13,14346.32
304,99,43,12932.91
354,21,9,6025.53
386,34,42,18699.19
311,77,49,18417.17
311,18,38,5133.63
356,77,10,19648.14
327,71,6,10275.9
392,58,43,8699.82
378,85,49,12712.19
333,59,24,18743.69
387,37,20,18212.4
323,67,13,9061.39
366,39,21,6352.71
327,62,43,16820.28
309,89,23,10885.5
374,97,50,19580.6
376,51,34,14270.31
315,33,33,7030.45
396,72,33,16574.3
339,52,32,7975.71
331,93,37,19358.35
318,39,41,17016.36
328,79,35,5574.86
317,72,14,12660.46
330,35,12,18220.0
329,90,45,8077.0
332,62,8,11795.74
301,36,29,7611.45
330,76,42,13789.42
391,25,39,19371.25
350,77,12,17375.99
344,25,48,11759.99
315,100,17,14024.59
393,80,44,12827.06
381,91,38,7676.64
321,19,43,15836.23
329,31,16,15800.22
311,96,7,6672.76
360,17,17,8817.07
306,62,20,6174.88
318,54,27,17787.56
355,75,50,17171.98
365,64,49,5888.09
320,26,39,19586.24
347,81,24,6302.4
317,25,15,19862.58
397,63,25,16997.49
387,51,33,11264.93
391,73,34,13343.64
355,68,13,8604.26
370,64,46,14681.15
351,43,11,6725.23
303,29,34,7091.79
379,30,21,19871.28
346,90,35,15671.11
365,68,31,15158.12
335,93,28,7837.38
335,41,6,14831.85
382,87,27,14468.55
384,83,16,18640.33
398,100,27,14416.85
339,99,15,5577.18
342,56,25,18342.95
322,43,17,9102.15
389,52,13,12785.32
308,55,36,14847.57
361,60,41,7152.4
380,73,40,11907.58
375,46,47,15736.38
381,86,18,7757.57
346,23,12,11324.81
399,75,28,9260.69
343,49,47,15126.74
353,12,25,15565.37
307,82,16,12968.97
359,76,10,9063.03
387,28,30,15877.4
374,80,30,19742.62
311,46,27,5927.55
356,71,45,10835.86
315,36,21,13643.45
363,16,23,14029.64
385,49,47,14806.59
338,40,17,11010.39
342,90,38,9876.1
354,32,6,18107.32
365,87,18,9494.04
372,97,45,18575.17
359,38,21,17316.82
302,91,35,17762.69
314,75,25,14424.31
339,97,13,19311.25
379,99,49,10983.6
386,43,33,16714.91
398,23,16,19275.54
390,92,42,15173.96
313,78,5,13997.84
353,58,16,6541.64
321,11,22,13200.85
346,34,21,12679.02
300,83,42,11726.35
370,14,11,16441.1
358,58,30,12595.5
319,47,11,8350.14
356,86,37,7341.01
312,43,17,15964.66
384,36,45,13482.88
320,58,19,10669.58
336,90,13,7933.68
322,17,49,8013.69
309,71,21,12744.48
345,28,15,19793.47
338,49,8,19545.23
356,97,19,5295.38
329,14,21,5567.75
351,96,22,16560.62
387,87,29,16318.02
347,63,17,11098.22
374,81,17,18811.91
326,12,35,16442.52
396,38,41,5325.82
314,65,30,13185.45
328,90,8,12494.07
387,60,17,7373.45
396,43,27,11656.12
373,15,36,7008.88
315,66,46,16571.91
367,19,41,7387.09
373,49,18,5188.86
398,45,18,16056.3
384,66,19,15038.1
364,32,44,16062.89
325,31,47,18040.07
381,73,33,6512.54
303,19,7,6641.21
379,74,47,18297.64
373,72,20,7235.33
389,43,47,17745.28
381,81,49,13657.4
341,42,12,17997.87
382,70,13,16466.41
339,56,23,8808.85
393,41,22,13401.76
391,65,37,5930.26
308,53,49,7991.6
379,75,32,13844.11
331,36,10,6608.8
373,42,26,10871.61
371,99,8,7734.55
385,92,21,15089.69
310,93,17,12727.41
351,23,32,6880.78
391,57,34,5330.78
302,63,15,14048.98
396,51,48,15617.69
381,64,42,9671.6
365,96,18,17589.91
368,99,21,9414.32
360,34,25,15645.91
305,58,50,15850.41
313,29,48,18417.51
300,33,39,17146.0
301,73,35,5122.44
310,45,9,5150.73
375,65,6,16462.71
301,76,47,10070.59
395,54,29,5297.46
305,97,16,6558.52
389,19,40,14642.57
344,74,32,8221.71
360,30,48,17217.23
304,63,11,11975.19
348,68,29,6776.92
359,57,24,19051.16
397,21,47,10809.47
331,29,15,13042.79
305,75,10,9696.37
344,41,13,9221.65
361,64,18,18196.45
395,68,18,10645.24
305,99,43,5367.17
353,39,29,19763.38
348,72,46,9533.11
367,81,5,6537.3
363,63,6,5874.5
332,33,15,6310.18
306,25,42,19973.36
398,16,8,5914.33
323,93,47,5469.06
327,70,47,11777.88
303,79,27,19373.42
389,22,5,16803.29
333,13,15,7410.47
342,78,42,10301.78
379,63,9,15448.46
377,62,7,6307.5
362,10,16,16282.4
376,26,23,18315.09
371,78,21,16134.95
371,63,10,12048.79
350,26,18,5629.03
365,29,45,8144.39
349,45,18,15320.67
334,95,42,16828.4
394,83,41,14163.01
375,98,14,8773.0
359,93,44,9752.88
302,78,26,14125.15
392,78,9,7759.44
349,99,27,18907.58
391,74,43,12065.49
309,80,48,11728.8
325,92,37,5170.33
304,82,6,16351.07
398,24,16,13620.64
325,22,36,5456.54
350,36,17,19946.84
392,53,5,12516.92
349,57,5,12364.16
353,21,32,16659.59
363,74,49,7396.4
378,88,34,6187.34
367,97,9,10490.68
356,66,13,14230.94
361,62,28,14165.25
391,47,45,9278.78
387,33,41,8069.2
341,72,42,16380.19
371,16,37,16150.73
325,45,23,7863.31
336,75,6,10858.65
324,82,27,19385.53
358,45,15,13267.04
330,30,41,5894.3
378,90,13,18074.57
356,35,34,18136.37
340,65,43,15552.61
356,21,46,16251.35
331,12,33,7547.96
340,64,15,15499.17
324,65,46,10780.37
396,47,37,12607.74
305,93,48,5804.87
340,34,8,15270.99
388,39,8,14227.19
354,52,5,11891.56
324,49,6,19001.23
307,86,9,7039.49
399,44,40,8052.71
372,68,5,11832.66
326,65,23,13982.1
354,52,38,16905.7
347,55,26,11634.48
311,70,10,18494.98
392,70,35,6856.14
379,43,32,19672.84
375,55,22,11533.06
368,100,16,17765.12
397,25,17,13037.81
384,100,10,12894.23
300,27,9,8737.05
377,82,34,15905.93
342,60,8,10118.43
308,73,27,13927.61
358,58,27,16270.61
385,77,50,7415.97
365,78,25,13898.67
330,80,44,12294.72
379,88,43,8831.04
332,41,44,18087.83
341,79,31,13422.95
315,55,37,18465.8
365,53,47,18929.64
313,19,10,15028.91
398,17,23,10397.8
334,38,50,10112.71
399,90,28,13695.23
324,17,27,7828.58
387,77,41,13631.44
337,28,33,12207.87
337,23,32,19867.16
398,30,32,16885.38
302,23,16,13015.99
338,25,36,12188.59
350,76,7,14472.86
357,23,14,19727.98
326,57,45,13668.02
387,48,27,18391.41
312,50,33,13205.53
354,26,19,9714.96
331,53,50,5809.98
390,88,11,6233.16
332,68,28,17325.58
376,91,42,11135.58
330,31,48,19733.04
372,49,21,5433.47
366,10,6,7166.18
345,84,27,15942.99
399,74,23,6969.96
391,32,26,8401.63
330,93,39,19450.27
340,95,23,11631.2
324,16,38,10487.11
333,18,34,12639.39
383,26,37,7512.18
335,62,25,19579.7
381,96,40,13870.51
384,42,27,18387.56
353,52,30,19295.61
316,55,30,17576.61
337,26,7,6686.4
363,42,24,18943.84
319,39,11,12000.88
357,78,26,8306.31
361,73,35,14892.82
394,25,26,17369.15
345,19,20,9435.67
371,71,26,6615.69
310,33,5,7228.15
318,38,12,18237.82
391,62,39,7962.32
358,96,6,16982.34
372,94,48,6237.74
358,21,46,8961.24
367,51,41,5635.53
316,96,24,19950.92
355,83,16,15311.85
303,34,37,16237.85
364,22,6,11501.97
339,55,37,6416.65
331,52,7,19961.97
332,85,19,11493.26
370,31,44,7616.3
373,59,29,8413.67
357,98,43,10650.8
350,52,37,8909.32
353,14,50,6731.15
387,18,32,17760.35
302,41,32,14015.34
323,41,30,8972.08
326,96,49,16555.05
352,20,35,15589.47
301,71,34,7945.62
363,71,25,15429.25
321,40,32,10321.24
352,95,13,11545.2
360,83,10,18252.8
387,46,27,16077.0
390,56,42,10566.82
327,42,17,16529.22
348,86,47,15270.96
393,47,9,10637.08
339,25,16,12290.29
317,92,49,7864.79
325,40,16,17039.4
319,27,10,17662.33
340,72,40,14722.8
329,89,39,9404.58
310,11,35,16684.7
329,18,30,12727.46
351,80,43,16158.97
374,98,15,19392.67
336,17,11,5267.1
377,32,10,15057.55
361,67,18,12926.56
335,62,21,13424.45
387,22,43,8355.76
397,61,11,18784.76
368,58,15,8364.4
342,85,34,17904.0
367,73,42,8083.92
359,29,11,12430.88
305,28,13,19117.16
374,90,50,5231.92
390,65,42,6772.18
351,60,8,15536.35
379,15,8,17135.65
363,36,49,6000.22
376,98,33,16836.19
353,64,29,12147.17
396,83,41,14040.1
374,79,43,11675.48
374,16,22,15033.89
399,55,31,13494.67
330,66,30,18438.75
382,50,47,18149.49
330,91,30,6468.74
310,55,50,16752.48
364,73,38,12422.73
381,45,16,6488.89
301,58,39,6269.78
329,81,37,8681.15
310,36,41,13015.04
356,16,45,7050.0
362,73,10,12253.61
357,51,12,18090.95
310,23,9,12569.86
382,76,26,6030.46
369,72,27,6592.04
354,91,36,7576.69
370,93,20,15607.42
326,46,27,7174.5
317,62,45,17162.62
372,46,6,12657.7
367,63,31,14439.22
314,98,33,19997.42
345,20,32,14892.42
335,46,15,9260.47
344,69,21,9378.88
374,11,50,5444.81
338,25,45,11303.59
346,31,21,18787.36
390,94,42,18924.13
357,54,39,17541.46
312,28,14,7846.78
302,42,14,17024.26
349,73,47,12678.01
379,51,35,12881.35
398,44,6,11832.37
308,13,18,9913.04
356,46,46,9286.57
353,22,32,14632.77
349,10,28,16865.92
385,50,23,12338.74
360,63,20,11996.4
371,37,30,18971.05
322,10,38,7806.05
303,32,16,8804.83
379,31,39,19541.61
328,72,6,6520.83
394,19,30,10099.38
372,24,48,16903.01
387,100,42,11021.62
302,91,32,7321.01
360,32,31,6894.53
385,30,19,16329.56
383,13,34,10791.07
375,89,16,9887.7
363,86,7,16472.01
316,19,42,8921.98
322,21,19,5372.92
337,64,50,10694.1
381,28,11,19132.83
379,60,7,11571.03
396,63,34,8320.65
370,90,46,19193.85
347,78,25,7551.59
382,63,19,19628.34
304,94,13,14886.55
392,86,15,13117.17
378,26,50,6036.97
361,52,22,6115.98
355,16,26,19755.51
375,54,31,6599.45
336,78,14,11073.15
389,72,25,18598.29
347,73,5,11917.22
363,33,27,10193.36
344,63,12,10409.9
346,27,33,15937.71
318,99,46,15208.79
326,45,5,10873.93
358,35,37,5754.19
317,93,35,7142.98
327,21,38,17371.27
395,56,22,11663.52
328,10,19,6011.13
331,34,9,18751.93
392,83,37,12681.88
324,74,38,5043.07
321,17,14,15791.52
369,62,9,18977.05
333,53,10,12410.11
350,74,44,7473.38
317,56,35,7756.07
398,99,28,19717.27
362,15,50,10861.95
343,68,44,12737.92
348,39,33,16457.1
352,93,13,9962.44
312,97,25,14274.39
338,15,42,11461.87
316,85,19,19686.29
316,55,11,7436.06
341,90,12,15899.37
330,16,16,15057.96
342,77,5,11375.96
333,44,22,17963.07
393,80,21,18960.52
371,95,16,19514.36
382,50,28,11696.78
332,73,50,5087.13
313,46,32,10095.35
395,44,25,19622.34
348,70,38,13356.45
346,37,23,18726.96
325,40,38,16924.02
337,40,5,7639.49
344,96,48,8070.91
382,18,14,9690.08
309,81,10,8397.48
352,78,27,5940.88
380,63,33,6004.51
353,79,48,15366.02
362,11,29,16484.18
392,58,11,12237.55
317,79,24,9445.34
398,29,33,11526.37
360,26,33,15530.82
376,34,23,17521.87
386,14,14,8592.15
315,81,11,15390.0
312,65,45,9863.91
318,69,31,14394.2
388,21,15,6626.53
303,77,20,11511.95
306,27,30,11900.47
373,55,34,17618.76
325,28,14,18078.0
389,74,19,6052.04
379,57,33,8173.41
384,63,36,11255.73
303,42,34,19345.35
319,54,36,17452.57
394,67,26,16865.57
306,40,35,13036.21
319,96,6,8089.75
311,22,28,17564.49
356,85,43,11389.36
339,63,37,18995.78
367,29,33,9547.2
342,50,48,7247.6
310,79,23,6115.6
385,90,15,11409.55
318,14,15,7841.28
303,33,44,5131.36
340,81,29,14650.52
338,44,20,11394.7
363,97,30,14343.91
301,93,13,18063.25
390,29,15,15658.3
318,31,11,9702.68
349,75,36,7927.42
370,77,14,11165.01
309,14,9,18246.09
353,30,39,10636.34
372,91,38,9063.82
327,57,39,18087.05
349,80,23,8921.75
356,45,6,15863.55
357,44,49,12397.38
389,31,41,18537.2
334,24,5,13350.49
352,39,29,17435.89
359,82,38,8479.26
355,19,6,7247.99
312,86,48,16232.7
375,100,23,18684.55
322,65,37,6139.64
310,17,29,12470.09
370,78,31,10755.21
380,66,19,5007.98
396,45,39,19996.79
340,35,38,8073.0
344,100,28,14332.37
351,84,50,9206.24
341,76,43,17554.14
352,78,30,7635.44
316,47,39,15322.3
303,64,18,8599.15
330,85,11,13856.6
379,15,47,5371.29
302,64,5,15216.72
354,72,11,13874.45
345,67,43,7958.23
375,82,45,12139.99
362,97,23,16622.34
328,34,18,15439.88
364,65,33,10404.31
344,62,31,10151.13
367,56,15,9038.47
331,24,30,15853.67
383,20,12,9823.21
332,68,41,13008.58
303,42,13,7140.73
310,69,48,18763.12
322,84,19,14371.98
344,55,49,5527.07
302,24,19,17460.53
333,56,22,10014.53
365,69,21,10027.32
327,77,37,9397.63
366,80,26,7352.96
325,75,15,19913.2
383,27,7,12383.41
379,35,12,18741.15
334,91,7,11701.22
302,29,7,13734.75
362,36,30,7146.88
338,86,41,18803.87
318,43,26,19584.01
381,86,16,14992.95
382,63,37,14691.56
375,47,26,6370.96
345,77,9,6670.65
313,40,38,19177.34
326,84,32,10832.34
366,76,33,12224.93
325,74,44,10294.19
353,61,11,12337.65
339,28,36,18000.69
356,55,14,5014.1
340,56,27,7138.4
322,59,25,8240.89
392,19,29,6057.88
382,73,10,18988.12
323,64,26,19975.77
313,65,11,16406.14
300,79,8,10495.63
309,98,19,12477.58
361,38,34,9473.65
397,50,49,6295.51
347,40,40,11679.62
335,16,27,11407.74
318,16,37,9084.02
317,67,6,15582.74
367,73,20,5797.12
359,98,7,5639.54
374,44,11,16063.67
365,55,10,10852.68
383,73,11,16638.41
347,32,33,13944.37
370,69,20,15648.2
301,79,38,14275.76
300,27,32,5709.81
389,12,47,12845.09
331,60,50,5215.4
380,96,23,11707.44
315,91,39,8648.45
319,85,49,18838.3
369,37,43,11293.76
328,88,18,9556.1
313,24,11,16870.91
313,77,49,9251.45
373,50,24,11249.33
315,99,46,13667.85
311,45,29,10951.61
361,99,22,14408.31
303,10,15,18213.13
302,94,43,16756.03
351,34,49,15961.06
328,97,7,15867.92
336,59,19,6254.73
357,51,29,15661.56
342,69,12,17060.09
329,31,16,7453.69
338,98,14,15199.1
365,40,17,5798.31
350,17,38,10411.51
380,44,43,14729.35
367,91,19,18667.9
362,90,29,15707.03
350,75,7,19445.61
366,65,22,6255.98
379,59,47,11589.38
359,76,33,7886.41
314,80,14,6127.23
319,24,17,6656.74
350,22,21,10216.08
368,44,16,16949.29
309,99,39,9751.72
366,44,41,6348.11
344,16,44,17370.95
370,58,8,5022.05
398,37,30,6155.9
301,33,34,16517.84
381,54,49,18780.59
319,46,32,18754.22
374,37,24,5913.48
393,100,50,13652.11
345,97,33,8462.35
389,72,32,5253.2
376,61,25,14873.81
332,34,44,7554.16
368,79,21,6877.56
348,50,17,12375.95
392,73,41,18214.42
384,86,33,11831.43
369,31,16,13165.13
358,77,6,5859.45
345,40,35,8356.4
360,59,10,11755.34
376,78,50,17369.36
325,33,39,13511.26
336,36,50,6102.09
305,26,21,9691.88
323,31,26,19207.7
346,86,24,5790.77
302,51,10,11570.44
337,84,18,15060.01
391,43,34,12047.11
387,77,30,9223.98
330,71,30,14232.54
349,95,24,15222.9
397,58,30,14928.94
305,32,44,14511.65
300,12,29,19785.63
396,77,26,14401.18
349,26,30,5166.85
359,18,16,5714.41
330,100,40,18367.79
359,75,9,13587.14
304,62,50,11700.28
320,22,27,7988.96
370,35,19,10037.65
368,61,40,14467.35
330,92,31,11970.41
362,71,21,14792.6
369,96,21,7398.84
322,60,21,17132.55
390,40,43,12897.98
352,83,8,14961.28
370,46,19,12199.93
368,81,12,11571.38
356,65,25,18349.47
301,39,12,19072.46
366,23,47,18901.08
335,88,23,9214.69
378,74,12,11677.21
330,17,42,13514.54
391,55,34,5451.65
358,40,12,12977.05
354,70,5,13596.4
395,59,39,15983.19
346,27,24,19663.48
308,23,48,10103.58
372,77,44,10326.63
323,41,24,8686.32
347,11,26,18941.76
399,57,30,12399.36
310,89,44,12840.36
397,23,36,19888.49
368,27,31,7462.61
398,80,48,7074.38
354,20,30,6670.05
339,24,49,19626.5
366,53,44,15797.56
376,64,35,10704.81
395,85,16,14020.35
385,66,7,11709.63
313,84,6,17180.97
372,13,6,14613.59
377,54,40,17254.96
332,96,12,17409.57
332,56,12,15067.88
301,59,45,5648.72
329,47,32,15135.36
379,42,39,7151.21
371,58,13,17345.08
356,51,31,6982.9
320,90,38,14582.68
365,74,12,14806.68
336,54,36,10066.97
343,64,14,7748.97
317,91,18,18762.26
386,52,31,7743.24
358,49,30,7181.4
359,99,17,7762.37
319,86,16,15294.59
398,11,8,5176.75
326,52,17,8239.53
388,55,32,7067.54
373,33,30,5996.41
306,35,35,15215.78
331,78,34,11367.53
379,41,13,12085.32
307,79,30,6551.52
343,71,40,13963.72
346,43,32,9068.46
315,64,11,10624.09
318,60,34,14997.45
329,77,29,7776.32
356,31,49,17769.24
343,35,27,6220.3
396,16,38,11999.02
384,11,49,6437.34
317,49,37,15388.88
394,81,49,16404.27
309,96,17,7235.72
392,98,24,16500.09
356,48,15,5930.87
373,47,44,12604.97
395,49,16,14635.63
390,48,5,14056.59
325,64,21,18730.4
369,10,44,14847.53
366,47,15,10814.71
345,74,32,15576.81
394,24,23,19558.89
337,26,16,9999.04
309,24,30,7185.67
391,58,49,5824.3
377,40,48,18416.22
399,42,22,6501.38
334,11,48,12086.41
385,63,33,8102.26
368,48,26,13666.71
386,37,24,12344.11
322,58,15,7174.02
319,34,40,16140.31
333,44,14,18174.26
321,62,35,7846.78
302,71,50,17740.79
394,20,14,14112.24
334,41,35,14799.69
315,94,45,9239.5
308,85,46,9667.7
392,59,49,15878.23
335,64,15,16973.19
341,57,46,19141.0
378,88,14,15098.66
330,68,14,13357.98
388,97,21,19502.05
308,23,9,11794.72
387,45,38,14445.3
324,88,31,5314.46
325,31,14,16907.86
321,26,22,6911.27
325,13,35,5759.78
302,84,48,19916.15
384,78,47,10076.78
351,25,36,12789.47
332,79,43,19000.34
307,50,49,7293.29
316,56,33,16634.53
371,63,30,18198.82
347,60,6,5696.7
365,78,18,14449.02
362,21,41,17684.45
331,53,11,16823.51
370,29,9,7926.69
374,65,50,7250.09
304,61,38,16545.48
354,63,41,10753.11
321,59,41,10394.16
390,95,9,10807.21
322,60,33,18146.92
384,60,16,12944.19
370,65,7,7494.08
358,15,26,14017.18
356,25,10,8160.21
399,75,14,18270.57
347,62,44,18562.64
322,48,12,11237.63
300,50,12,18093.06
397,93,29,8748.2
337,58,7,12192.58
333,77,7,17689.47
385,68,36,19060.7
343,47,42,8746.64
308,100,42,10691.57
358,40,32,5060.22
338,72,32,5772.27
391,41,47,16806.82
394,25,5,19142.2
314,84,16,9542.73
360,82,27,15468.76
311,46,13,16195.78
300,58,20,8609.37
385,13,33,11049.46
331,69,14,17525.45
304,61,27,11313.71
312,12,40,16856.27
396,89,47,7338.98
343,46,10,12767.38
308,39,47,6616.61
399,66,41,6988.92
387,71,23,19430.02
312,46,47,17138.83
389,83,45,13521.53
374,44,39,13837.9
304,78,23,8428.72
380,46,6,14607.15
395,69,41,14086.18
386,37,22,18122.05
325,49,8,8969.36
357,52,7,6510.91
350,72,48,5385.54
317,43,24,8461.8
399,41,24,17382.02
375,97,21,5764.68
345,86,14,8172.35
370,47,47,14035.53
372,96,9,19950.13
389,24,37,8713.1
327,63,21,17046.5
315,68,47,13684.31
374,17,24,10861.71
301,97,30,8005.05
321,71,41,16878.42
331,59,6,5577.2
318,60,27,5252.9
315,43,14,16611.43
366,60,20,15924.26
325,96,9,6013.77
325,23,31,16550.28
319,52,39,16869.71
332,95,43,6731.01
361,86,34,9305.51
315,18,40,17842.77
314,51,8,13234.42
342,25,42,13356.71
395,15,42,12291.12
379,31,27,12831.7
397,23,7,16772.38
311,79,28,11546.27
326,74,34,5555.46
340,61,43,7263.76
396,28,10,15097.69
300,90,30,9969.7
312,33,18,10633.07
319,13,31,18258.84
380,36,41,11060.05
381,54,16,18918.8
304,68,8,6761.37
382,38,14,12520.9
382,46,20,19926.3
373,62,45,14979.26
318,81,30,17337.9
344,94,47,9015.53
353,48,46,12977.15
348,43,24,9315.56
314,98,34,6982.21
321,33,19,17883.82
368,90,20,15947.81
356,62,33,15983.49
383,82,43,12905.16
335,27,40,19339.39
319,79,13,9728.02
393,24,7,10462.15
351,38,15,9157.48
368,37,23,18720.52
316,95,32,12183.87
372,57,48,19353.45
342,41,20,19811.26
306,29,40,8336.03
334,37,19,11003.23
381,47,9,7193.04
340,63,23,8339.17
353,100,31,12321.13
341,28,38,8148.35
353,38,50,11318.92
311,28,7,7895.59
307,54,26,18463.58
398,32,46,8202.61
302,52,11,14535.54
397,60,38,12623.43
361,14,45,17773.79
357,81,29,11391.74
331,16,22,5289.9
388,51,42,13410.97
385,88,45,7078.21
372,75,10,6579.98
390,52,27,14932.58
309,27,49,17569.98
333,33,49,6449.48
368,84,50,18844.16
310,37,34,19273.88
359,36,20,7126.38
308,55,36,14884.03
349,39,14,5260.65
396,11,50,12597.15
371,50,21,13058.34
391,72,46,7308.74
319,85,45,6131.91
315,95,34,11131.5
387,78,8,8052.04
344,49,16,9988.7
337,22,25,9487.42
300,82,12,9339.36
323,71,18,15874.37
304,10,43,7675.37
357,69,30,10049.6
310,83,13,5822.06
383,61,21,6522.93
356,96,12,10462.78
343,74,7,16571.99
336,30,38,19444.84
315,20,50,14469.77
317,77,35,5007.54
314,41,50,17266.02
308,70,18,14595.53
310,13,6,13252.28
378,93,47,10906.68
328,67,6,10631.2
305,87,34,10980.32
338,77,13,8980.53
306,18,30,7038.48
336,57,16,11600.11
384,63,43,12695.16
304,81,7,18928.38
355,13,21,6608.28
303,97,10,11306.06
378,88,39,17541.65
313,74,20,19349.77
357,55,48,7988.5
374,78,34,6801.23
354,94,11,11333.52
381,28,22,14918.85
398,28,49,10979.16
376,46,24,9477.32
373,71,23,6522.54
301,37,18,18160.81
365,78,30,8190.88
308,90,11,12732.39
338,83,37,18521.05
394,63,41,14470.82
399,83,9,10578.02
308,21,38,16561.89
390,62,5,13674.27
367,69,15,17000.54
335,51,46,16218.9
356,78,50,6821.63
312,73,31,13495.76
366,89,23,7474.89
334,67,40,10601.77
319,62,13,6828.27
314,80,9,16877.44
368,100,16,12611.04
304,32,8,6850.03
309,42,30,7546.7
399,98,35,5891.46
315,34,40,6576.17
332,84,22,18132.99
341,17,46,18795.71
390,73,38,14654.86
340,14,8,7912.71
370,70,43,8746.29
347,47,48,5006.62
326,82,10,9922.44
335,89,46,8296.45
384,98,18,6376.64
311,13,10,14978.16
344,72,13,17981.41
383,40,9,7363.93
349,76,18,8576.69
345,71,50,12637.4
393,24,35,6107.77
397,82,32,14848.62
355,48,32,5367.63
392,98,13,6259.84
366,44,32,5174.5
387,24,16,13217.62
361,74,35,5351.05
396,27,9,15229.67
339,66,18,17215.5
315,87,34,18105.25
388,47,19,10080.79
386,23,50,18936.82
319,97,30,14605.7
318,36,50,9129.88
353,82,48,7568.59
308,76,9,5191.25
316,15,9,12911.16
371,31,20,9191.88
354,36,14,13050.78
367,56,22,9901.37
351,38,17,15430.62
308,71,43,19887.98
393,64,47,15737.02
380,46,8,10983.16
344,86,23,13768.31
329,79,44,18837.01
389,55,30,9583.13
367,62,17,17197.22
375,36,29,10500.58
369,43,22,7674.76
312,97,31,13867.13
389,94,29,7137.84
334,78,31,14170.19
349,36,29,7304.39
326,14,5,13987.63
391,46,25,12511.06
354,94,17,13825.07
314,90,48,9413.55
358,70,29,19791.78
378,54,40,16344.82
391,36,43,5878.41
375,83,6,19523.2
308,47,5,13150.13
398,18,41,12130.55
371,86,23,17924.66
376,39,34,18602.14
395,57,45,7061.73
391,51,33,12337.63
317,48,38,14246.51
301,20,32,14785.04
360,98,42,10550.43
329,57,10,13506.34
300,37,8,17806.83
382,15,17,11228.98
338,52,36,12969.99
318,33,22,12186.72
320,49,22,9240.24
349,62,9,19301.48
300,45,39,12568.55
309,62,10,6192.93
332,76,24,6567.34
341,13,12,15463.04
300,11,35,12794.2
366,64,13,7061.67
340,27,6,5452.8
348,43,29,13043.14
348,81,34,7847.29
386,56,49,11689.79
369,70,26,10356.29
384,14,32,5786.05
317,70,10,18265.46
392,49,22,12739.52
343,53,15,14867.17
305,78,34,9990.54
347,10,12,10441.61
397,82,39,7451.05
308,97,17,11745.79
379,34,26,10808.41
308,51,21,19275.54
351,19,18,19504.64
304,49,50,5215.97
334,82,38,8995.51
393,74,21,12548.09
319,80,30,9659.84
375,39,27,18397.48
333,34,23,10558.17
392,79,41,14966.95
374,94,21,16065.28
341,40,13,19593.77
324,76,8,12298.68
372,77,25,11514.86
333,39,35,19556.32
318,51,30,12905.03
366,41,42,17171.06
347,98,7,9341.42
333,76,14,10373.94
356,63,32,14028.47
324,100,49,19557.57
360,67,42,13298.89
355,65,43,17316.35
306,14,10,5997.28
368,77,28,16552.35
398,77,41,9918.61
389,36,41,5506.41
304,78,38,10225.62
386,69,32,11039.0
361,47,14,17810.99
334,32,47,8175.01
313,22,20,19496.96
329,16,50,16047.03
351,48,48,14860.3
308,23,30,7365.48
310,96,35,10758.32
370,46,41,8080.33
340,28,19,10215.07
371,43,37,15154.93
386,33,39,17811.46
345,100,14,12984.65
376,11,7,6152.6
327,88,13,16902.37
320,93,38,10517.31
332,24,38,17520.27
352,69,32,16210.65
341,16,6,10138.32
326,88,7,13918.2
366,72,37,5421.03
319,40,12,8577.29
380,25,25,9585.64
387,100,37,19524.75
391,15,34,6803.37
338,84,10,16498.72
355,77,19,17524.85
337,17,43,14162.2
334,92,49,5729.39
321,74,6,14368.03
347,93,18,10714.24
328,53,6,19150.6
348,100,49,16916.4
320,45,31,14448.98
377,44,12,5667.6
351,75,21,7583.07
321,91,38,19689.62
354,71,6,16702.19
381,14,28,7607.9
303,32,19,14843.37
373,13,10,12222.06
359,100,28,8116.24
395,59,35,16837.9
308,18,50,9639.65
327,77,23,6107.43
365,68,44,6893.93
359,60,21,15941.0
352,44,36,5308.74
368,10,34,17470.39
335,98,49,13590.35
339,56,28,15343.01
366,26,14,7510.18
315,73,10,14702.3
330,50,44,6434.58
311,70,24,9318.99
321,78,5,9804.29
322,58,6,14658.81
394,80,35,19686.55
345,28,44,10181.62
336,94,12,14518.09
371,54,30,5832.77
392,55,14,12337.09
360,85,37,19837.65
336,51,21,6276.96
323,91,29,9118.38
319,21,35,19402.81
387,70,27,17807.05
353,98,32,18139.19
396,36,25,18268.4
355,57,43,14689.87
353,26,32,7004.69
348,30,8,9898.09
321,70,27,14987.27
309,72,39,11958.88
323,58,26,5889.64
322,90,8,13597.53
391,19,26,11027.29
342,28,11,15986.79
323,11,50,16137.85
311,71,38,10520.28
309,28,40,6946.24
309,84,28,13096.56
397,36,25,17032.84
387,92,9,18612.89
348,51,50,11035.28
314,55,31,17092.41
392,89,38,7428.31
379,52,13,13599.55
300,94,43,19122.67
383,48,18,9105.94
341,93,16,13287.14
350,45,9,13534.52
393,49,43,13245.0
386,53,45,6441.52
373,71,17,5818.38
326,25,31,11488.7
352,97,29,14760.89
380,24,28,17440.0
330,77,44,6425.97
395,78,23,11282.94
328,79,6,19024.93
320,60,9,12869.69
303,49,43,8761.73
350,44,27,13413.77
374,65,49,16565.78
369,29,7,11852.16
310,100,50,8824.92
364,47,11,14208.84
320,57,49,14817.02
342,57,23,15639.96
339,70,32,7775.61
311,42,48,6369.6
334,19,7,5678.12
371,43,48,15624.73
398,59,22,8781.79
380,20,27,8296.89
378,10,21,15691.17
371,93,36,16299.46
302,15,28,10240.28
360,34,5,10384.29
364,33,37,11366.1
392,42,9,13350.47
332,25,42,13833.81
341,96,44,10575.86
385,68,39,18709.92
360,96,34,17836.06
346,63,21,14355.71
357,42,41,15585.27
347,72,43,17921.58
336,56,17,11094.76
339,42,22,15059.08
313,39,28,10923.6
319,18,42,17531.47
332,61,10,19091.22
335,94,36,7869.49
321,17,24,19126.36
343,51,25,16220.18
360,81,21,12749.07
367,49,34,9965.65
332,42,32,8514.86
391,37,9,16880.96
314,58,29,10246.57
331,34,5,7065.88
380,96,25,10247.8
392,73,43,6698.82
324,29,11,7540.86
315,79,8,16465.17
380,15,24,18488.73
386,49,42,10045.06
386,84,38,12355.25
300,44,24,12876.49
333,22,15,14038.68
357,69,45,5870.35
390,49,34,12880.46
342,18,48,5057.68
361,96,14,18501.05
366,24,39,8738.36
359,85,19,16733.1
379,34,49,5087.62
314,22,21,5904.15
354,24,35,8316.56
324,36,45,9776.6
305,40,6,14178.15
326,28,33,17177.42
374,49,47,17615.08
320,21,29,18783.64
390,89,25,9674.24
370,47,17,9772.59
391,30,27,16830.22
346,28,28,8062.62
358,89,40,17266.34
380,46,39,17776.96
349,95,13,7300.59
389,98,10,17394.39
355,60,42,18794.31
337,24,48,12826.41
342,49,22,10511.81
341,36,47,12017.58
313,91,10,18474.13
321,47,5,9210.33
329,53,16,17561.45
327,88,46,10426.48
368,17,28,14206.0
322,28,19,10333.8
351,19,11,5760.24
331,48,30,18654.33
373,81,40,13539.2
386,67,5,6153.66
316,90,46,13520.39
321,82,7,8820.33
322,35,35,14336.79
354,100,38,17026.32
375,83,34,6232.91
340,76,13,11016.22
373,69,26,13243.66
365,88,40,11953.54
396,40,13,11887.2
385,93,34,6476.22
378,89,28,7035.36
345,47,32,13521.1
310,26,32,5061.7
363,43,46,17442.21
394,65,11,7088.45
375,62,31,7792.82
309,35,9,15671.45
395,78,31,13793.36
377,18,20,18680.66
375,93,21,7885.69
304,31,8,15583.85
349,52,9,17865.48
321,63,17,11750.84
317,91,27,13452.68
326,90,40,8679.5
352,10,40,16006.61
358,92,8,5850.47
377,14,39,9297.07
395,49,43,8618.93
388,49,27,10018.76
377,62,43,18348.55
397,36,41,8780.61
321,83,12,5468.95
329,10,36,10943.57
384,14,21,13836.72
362,87,10,17787.16
380,34,38,8622.48
390,76,40,16724.89
371,42,44,16293.18
344,48,48,18019.94
330,50,25,16859.63
306,20,20,8400.47
335,35,21,8316.83
350,42,45,7617.55
312,59,45,7361.71
337,54,19,11705.71
348,70,29,7752.5
331,78,6,8523.12
396,52,7,11008.4
346,47,36,9381.2
333,90,22,17998.93
371,24,10,15112.09
334,55,40,10315.32
320,70,39,12283.29
328,47,47,8819.03
300,44,43,7585.43
322,47,38,14711.85
381,71,48,13464.48
365,78,12,18292.41
342,14,13,7900.13
344,44,27,17948.38
391,43,34,8043.3
362,30,6,6079.41
372,20,28,13119.27
328,48,11,13279.79
368,48,43,14222.59
371,45,35,9642.29
366,62,34,17346.64
331,50,47,19948.79
347,26,23,18199.9
344,91,27,11077.34
391,36,9,11317.33
309,100,10,5534.04
357,72,42,19360.97
399,17,28,18704.09
335,43,42,5075.84
394,27,26,17283.62
362,18,40,6283.76
385,77,10,12705.71
330,54,7,17676.19
314,82,20,13944.16
319,45,47,10260.6
378,84,10,10238.66
378,86,14,5372.65
332,32,45,10391.12
349,72,21,18685.71
375,25,29,12964.98
362,52,13,12400.31
347,91,12,18165.05
358,84,18,10587.39
371,74,16,14851.15
392,93,30,5048.04
339,10,43,18965.31
300,58,28,16826.81
378,33,16,9091.58
374,89,26,18604.35
311,40,47,10645.38
303,95,16,6851.25
387,78,11,5530.42
356,28,36,7411.74
355,50,47,5435.29
305,28,20,7426.02
320,49,37,17187.77
321,91,8,6208.57
373,53,16,12101.32
306,77,7,9770.52
366,81,24,10950.88
350,83,10,15248.95
335,73,16,18776.51
385,79,35,16192.69
304,73,34,5476.53
305,41,14,15895.13
390,83,13,12348.07
378,43,27,14637.55
317,75,20,8878.61
320,32,47,7033.4
372,60,18,6710.18
301,10,7,7392.63
322,14,41,12508.69
323,30,13,8181.98
351,43,11,12580.49
353,60,12,18381.26
351,73,46,10995.91
307,96,37,18539.12
314,16,27,18213.95
375,94,36,14502.75
394,90,47,8647.47
379,48,16,11098.61
313,54,21,15220.43
343,57,14,11624.15
343,27,10,16880.12
363,13,9,14221.0
335,22,35,14402.86
370,29,23,7673.25
369,57,39,19975.72
347,84,37,16177.5
312,56,8,18100.2
347,90,17,6610.99
362,58,9,10822.87
368,52,34,14259.14
384,67,28,9927.08
382,18,43,12113.38
311,61,46,13726.83
305,80,17,5485.67
317,93,17,19758.8
374,67,29,11173.13
312,15,10,8258.4
317,55,11,10373.09
302,60,47,13361.93
363,22,30,7595.58
330,59,17,5234.51
329,16,10,15022.08
308,16,34,6953.82
330,77,43,10362.02
334,29,29,14785.22
360,88,22,14776.95
349,50,24,6711.05
303,76,43,19143.22
367,51,34,15583.13
360,36,23,19473.57
395,30,8,16081.06
394,23,14,7775.17
381,74,9,18021.9
396,18,13,12105.48
398,72,13,19532.84
363,98,18,15309.05
384,41,37,7406.98
364,72,37,18769.87
393,15,45,19902.06
319,54,40,9278.95
326,41,31,8762.27
383,61,15,7542.57
354,56,37,12082.86
330,44,5,14621.62
380,10,9,17367.03
369,43,33,9467.85
301,98,33,19870.42
302,24,21,18491.85
387,57,15,7858.18
356,48,49,7807.09
314,58,21,6524.67
374,71,7,15190.96
304,22,12,16705.42
379,89,18,6849.93
302,89,25,14850.64
320,47,23,17043.19
367,53,42,11011.88
353,94,11,18956.96
381,17,15,14524.06
323,40,6,17685.31
380,72,23,5164.98
311,33,17,6115.39
396,40,39,13369.5
327,69,23,16433.37
350,83,16,11014.58
354,85,7,10711.04
361,14,37,14221.47
373,11,29,7570.78
322,63,20,10336.18
339,35,42,13944.08
338,30,27,6563.17
351,72,14,16749.73
342,65,43,14384.24
327,69,47,18046.6
370,66,41,9865.67
352,53,5,16948.52
384,93,31,10695.71
361,46,22,17226.61
340,94,15,9991.63
306,28,27,18497.19
314,20,50,13313.68
365,14,24,18121.14
308,27,9,19916.51
313,29,28,13521.18
358,87,8,16577.01
391,62,5,17119.87
317,49,45,16888.16
390,41,39,16082.86
365,42,35,9692.98
367,100,44,5653.6
320,26,37,15619.26
325,88,47,19502.69
348,48,26,8799.32
364,95,40,5938.49
370,10,7,5353.11
375,22,17,11766.71
396,79,31,13016.5
306,43,23,14736.46
353,10,26,12274.05
340,58,48,17556.06
382,91,12,11252.87
305,74,19,7649.18
344,98,16,8287.27
362,70,26,15966.79
328,47,39,11011.35
375,96,16,12613.73
364,94,43,11065.34
314,74,41,9224.13
377,38,13,10866.25
355,65,7,18015.93
352,34,24,9206.49
322,45,5,10043.51
383,78,32,18706.6
382,58,44,19467.22
355,33,6,17693.26
391,87,16,14356.19
301,98,12,13536.89
390,19,34,16231.0
375,92,23,16083.58
380,76,18,12106.44
323,59,19,13344.38
309,17,40,17760.1
349,15,46,14736.77
375,85,23,17129.74
383,63,18,17428.05
349,17,27,15495.65
344,99,29,7287.31
342,49,46,16644.5
398,54,36,17641.53
314,67,5,8013.03
395,85,34,13060.41
323,61,12,8342.85
371,10,44,12351.53
352,86,31,14474.07
358,53,5,7177.14
376,70,15,12448.41
303,48,36,17051.49
371,68,45,9645.21
394,76,35,16744.81
372,93,19,13151.71
310,73,38,13130.08
385,19,43,14894.5
376,48,19,12967.93
320,73,17,9586.91
351,46,49,14990.4
338,95,5,13136.72
329,21,33,11029.71
302,71,8,8746.52
351,87,44,17340.15
323,10,47,13025.77
393,76,47,9491.22
324,50,6,11851.41
376,37,35,12004.0
342,23,32,12887.84
368,18,15,16135.38
372,70,21,6582.34
321,61,41,16776.84
398,20,43,14653.89
318,28,43,15943.37
303,41,50,14787.08
330,90,17,10131.24
366,71,25,12062.29
300,23,34,8034.38
318,85,36,11730.8
366,87,48,13139.45
399,39,9,6061.98
381,48,25,18581.66
301,87,16,5324.36
362,38,7,9213.81
365,77,23,5778.16
397,45,26,7979.15
356,15,6,9933.39
355,40,45,15919.72
337,48,8,8648.62
316,71,38,17260.6
398,78,41,17082.36
374,36,14,12092.43
347,93,23,19537.45
305,22,36,11655.8
359,99,22,5073.5
342,60,24,16927.33
343,98,21,10725.87
313,85,5,18048.61
320,16,20,18355.76
307,18,14,5057.23
378,33,30,9251.44
371,79,26,18315.97
306,92,5,12412.28
368,19,39,18641.74
377,12,46,7454.43
374,91,20,7414.82
307,78,28,6898.04
352,74,28,8299.61
321,78,21,13265.98
308,38,21,9945.02
386,93,43,6317.01
304,32,38,8808.13
395,64,41,18168.12
332,17,9,13371.02
312,37,18,8632.69
382,37,18,19149.7
360,47,16,12560.13
348,19,31,11045.87
352,56,26,19151.97
339,96,22,13027.77
396,30,37,13300.49
322,30,36,14521.7
350,67,5,15607.11
324,92,42,10538.72
337,54,46,5371.69
311,77,41,15719.86
322,82,23,19415.41
333,88,46,18473.55
318,58,35,17630.62
348,46,40,19042.05
369,29,46,16996.15
312,85,15,15050.36
385,82,45,11837.97
316,88,42,8611.57
360,91,31,11489.16
379,32,39,10898.84
382,17,18,5695.29
327,31,6,5839.0
351,87,32,10041.08
310,33,17,9805.35
340,63,40,12319.75
393,42,24,18038.0
359,77,24,11683.6
321,21,42,11647.56
343,80,11,18769.8
386,74,36,9094.41
350,56,22,10219.41
310,19,44,7413.33
305,58,8,10680.79
380,97,36,6558.66
354,79,15,19377.94
347,74,13,7983.56
323,53,32,16473.4
392,88,30,15121.97
346,80,15,8029.81
353,17,49,9047.18
339,71,35,14634.07
314,95,11,16030.79
377,90,38,19326.28
375,90,23,15906.89
391,15,36,12153.0
375,62,50,9917.24
322,85,38,6526.94
338,12,22,10503.35
313,58,46,11077.04
309,12,33,18365.31
339,39,10,18166.71
342,27,13,5572.41
363,11,11,11382.58
324,91,46,17410.26
339,69,18,12950.95
386,62,27,14941.89
348,78,23,5109.27
368,75,12,5695.89
356,22,5,6645.19
329,19,18,18997.68
399,28,6,8039.31
341,86,39,11770.3
331,49,21,15893.85
363,35,35,15311.49
329,90,23,13128.9
333,85,17,10884.35
377,32,47,16258.98
389,25,28,17199.75
348,93,26,7991.36
304,74,40,14970.35
339,28,9,11770.66
303,37,47,15690.25
334,97,29,16472.17
352,33,14,18217.12
313,12,46,15988.14
348,12,24,9507.45
324,67,9,15683.86
309,33,28,16746.34
393,81,9,17491.85
385,64,42,13092.24
300,91,7,14441.71
393,69,24,17791.21
304,80,47,16963.99
323,50,49,6645.67
362,25,28,18820.61
360,55,17,18678.76
320,96,36,19190.25
323,65,45,13952.97
398,10,8,12094.78
370,24,33,16693.4
368,92,29,19230.16
324,44,15,8148.6
319,44,9,7988.86
393,35,5,11879.34
314,74,9,10567.72
379,71,20,14305.69
379,46,6,7384.72
358,68,32,10403.39
305,11,48,14492.05
368,86,40,19725.18
389,32,33,11868.88
313,47,9,17920.47
315,10,5,5589.07
365,62,50,6697.64
322,80,7,5157.59
369,10,38,19664.09
388,78,12,14308.62
387,86,16,12051.29
349,15,27,18740.66
304,30,22,13823.08
361,44,36,14699.72
310,57,22,14284.79
375,62,20,11799.42
301,66,48,8416.75
330,80,28,13395.96
397,21,35,10024.16
384,42,21,7067.53
347,45,23,10754.37
375,65,9,10252.9
311,33,13,16822.28
342,33,46,18123.56
319,15,26,19303.16
313,62,42,13069.98
336,60,6,18943.98
381,99,28,5884.06
380,41,41,7206.46
380,44,21,17719.75
318,86,43,18886.37
348,35,45,18202.72
383,75,48,5841.96
357,12,32,10657.97
377,52,41,8774.71
337,62,6,9128.79
386,70,23,12259.76
370,26,5,16113.98
317,72,35,17505.49
342,84,47,11314.95
372,32,12,18797.46
394,41,30,8409.85
390,14,7,15905.73
399,44,30,11796.14
376,80,9,18587.22
382,42,38,14556.17
313,38,29,15426.69
331,75,31,11032.01
378,19,33,6797.41
338,34,11,14414.01
300,10,23,11322.04
373,77,49,17156.05
347,35,5,13043.49
355,81,19,6422.23
301,57,37,10621.48
389,76,13,5843.85
318,91,46,9667.58
397,17,45,17693.09
354,92,24,17125.94
341,33,23,6821.64
321,78,29,19004.07
300,20,28,17827.0
367,65,36,18104.99
378,37,46,14581.91
394,43,33,13414.72
325,85,40,14477.5
330,88,32,19321.94
315,14,29,17026.19
353,46,36,17276.72
377,28,15,18911.23
358,19,33,19222.47
310,39,27,10555.76
370,49,19,6095.35
344,23,38,8329.35
310,76,26,16924.15
327,32,48,11669.96
310,35,45,15432.22
372,59,17,12327.61
309,10,29,11712.86
362,43,15,15357.22
342,11,22,14090.25
363,64,21,17756.04
395,28,31,10458.46
371,22,9,12225.2
391,14,10,6542.56
325,52,11,8652.44
349,72,14,14269.74
360,48,40,13124.13
378,82,43,7547.65
344,20,40,7668.01
383,23,37,14174.27
359,17,39,11330.51
356,81,16,6098.58
377,94,31,9311.33
330,87,17,17264.26
375,60,9,5400.58
312,12,32,13294.72
333,28,31,6229.3
301,57,22,5387.44
326,15,21,8577.85
381,42,27,6715.18
373,11,21,5083.83
364,56,50,15852.96
352,49,17,5099.64
352,43,25,14316.06
398,53,36,13252.24
314,90,42,11095.67
372,11,39,6497.08
333,74,5,8022.96
302,61,19,7692.16
340,69,14,6477.55
391,20,25,17629.16
318,89,33,7275.58
338,38,6,8169.16
387,41,47,11489.02
312,20,19,6163.96
351,85,40,18838.56
393,36,15,18679.02
359,80,31,8028.55
345,31,20,14210.4
302,61,45,5163.26
386,33,38,11548.74
384,98,22,7574.07
318,91,41,16734.52
375,35,37,14261.18
319,35,27,14080.56
364,79,18,9748.5
310,67,11,15833.95
396,86,6,6909.89
320,11,50,15564.11
369,60,38,7387.29
301,77,22,19032.07
345,100,20,11836.94
370,96,35,16084.7
339,63,22,11623.59
314,100,36,12747.81
311,99,6,13213.44
326,91,37,15797.27
333,86,40,15736.35
328,26,30,6445.32
391,87,18,5350.09
314,25,30,7468.4
399,41,10,5300.36
359,21,19,18592.11
317,23,30,18440.4
302,49,10,10906.94
304,19,49,16283.73
329,53,34,10668.88
397,67,8,14772.36
386,40,40,12581.17
309,12,33,14009.52
370,22,21,6135.66
381,95,30,8041.63
399,69,42,9064.2
347,27,28,14777.25
322,47,39,10533.84
373,76,43,18507.94
346,29,38,14858.3
322,69,43,16768.91
375,10,6,13357.02
363,100,47,19341.61
350,86,24,11047.13
355,88,27,12894.34
318,95,32,14841.74
329,88,46,13177.9
356,81,49,16048.34
369,61,10,14617.24
371,76,44,16345.21
311,39,49,15923.96
373,33,34,11145.56
364,52,47,16333.97
391,96,31,5295.9
378,70,50,6860.75
373,41,18,15524.8
370,38,32,17593.23
329,77,39,8396.45
346,19,35,13233.62
315,48,37,12807.84
372,86,21,17121.38
352,29,16,11929.91
309,74,46,6745.28
398,77,10,11859.07
368,15,9,12272.53
313,71,6,6408.92
341,31,23,11140.99
357,38,45,16251.61
393,12,29,5461.03
358,33,10,5429.58
304,20,28,5833.42
346,64,27,5080.68
316,94,23,13157.32
305,23,24,7369.56
340,93,30,14902.27
388,71,50,12852.14
368,87,28,19370.79
376,70,8,19562.17
314,54,42,18976.49
353,65,35,10637.86
305,66,31,5870.22
330,24,8,10597.55
345,33,25,19567.47
356,77,10,7877.85
357,69,39,15084.77
365,30,46,8132.36
399,47,24,9115.8
367,37,19,16859.39
324,58,32,13940.25
355,94,5,15208.18
367,100,42,19773.2
327,14,41,10686.57
381,86,30,5435.39
366,85,43,18672.15
340,29,38,17560.11
372,24,38,17671.26
306,81,25,19135.83
354,37,33,11971.96
396,24,50,7560.54
379,78,11,19672.94
311,80,48,5787.0
372,90,23,6120.32
396,85,20,7422.14
370,33,41,8654.23
340,71,25,9485.65
326,53,29,5370.13
392,52,41,19671.16
342,84,23,18759.44
308,41,17,19279.82
326,44,16,10275.04
339,33,9,19614.5
344,84,38,11874.83
315,63,36,6921.87
352,18,31,6036.2
321,41,29,19255.94
381,76,7,7850.05
326,34,38,19315.06
379,16,16,14210.82
305,98,14,5229.69
321,99,49,9071.23
351,94,49,9772.31
391,64,8,14069.45
355,75,29,6990.44
317,83,47,7357.96
352,40,37,19656.57
319,91,26,14162.65
301,93,43,7455.75
331,36,26,7376.76
312,60,16,15722.55
383,78,8,18447.56
367,70,33,5512.18
355,75,35,12091.4
316,92,7,17806.22
342,50,37,8443.43
363,55,42,5049.51
375,21,23,18195.58
318,19,40,17602.8
382,72,46,10272.01
392,66,5,15068.5
352,17,27,19962.74
355,59,33,17120.13
357,99,39,19988.48
342,96,46,15853.14
340,86,34,9769.32
316,95,35,8262.79
314,49,19,8487.55
398,49,16,11838.73
316,28,8,15616.69
345,27,48,10659.83
313,80,17,14875.58
336,100,20,13919.95
310,63,9,18407.82
347,65,20,13016.17
374,49,49,14067.28
333,76,30,11067.36
335,30,48,19108.38
337,10,27,16232.19
362,18,45,5578.56
331,11,25,7040.3
326,76,6,7901.75
344,77,44,16239.6
393,38,11,10693.52
304,32,34,16294.18
334,42,23,10837.26
316,68,30,9064.39
396,34,37,11696.77
354,73,28,19800.09
340,38,49,15868.61
359,32,17,10272.71
394,11,8,9723.83
371,22,21,9461.38
378,98,5,8033.28
392,45,25,11174.99
337,44,25,19359.11
305,20,14,7644.02
357,60,16,14181.65
309,89,30,8485.6
344,62,23,13283.28
380,83,11,18862.15
399,45,25,7509.55
322,100,27,17380.86
373,65,47,18523.17
346,20,43,11028.99
360,27,14,14610.0
384,68,26,10773.86
312,66,29,8212.55
377,11,17,18464.55
392,56,27,11065.07
310,87,44,18673.34
377,48,8,19224.79
313,35,50,10887.28
309,69,16,18056.97
389,90,36,15339.88
381,48,14,11492.87
396,47,44,10570.0
309,67,13,19136.73
322,10,30,12340.58
323,69,47,14448.96
324,64,19,7005.77
346,90,36,15674.41
315,87,32,12762.31
385,78,33,9124.14
314,41,48,17846.58
323,49,39,19172.96
318,17,8,18370.25
322,81,16,8092.17
390,99,39,12882.3
389,47,37,10146.71
304,16,9,15196.19
326,14,27,12248.99
310,83,47,6428.42
310,15,9,5581.14
301,84,25,10217.82
338,36,17,18779.71
321,100,35,12531.67
386,24,28,16671.72
352,29,10,6689.63
337,86,39,11604.35
315,57,37,19784.77
384,21,24,13803.88
351,51,43,9861.46
358,89,25,17443.97
375,16,44,9936.74
368,55,8,6927.95
355,10,26,17740.05
305,89,43,19162.01
346,83,42,7880.57
328,52,9,18060.2
381,82,10,12889.3
310,94,39,18582.07
368,29,20,15699.76
312,81,32,8620.25
333,35,20,10449.78
315,98,23,9144.93
319,15,20,18460.72
324,48,48,13420.87
375,80,41,11328.82
340,45,44,14596.36
395,18,50,9222.38
368,49,11,6815.78
377,14,48,12902.0
386,25,24,19593.93
346,66,22,6940.0
330,54,7,8605.65
359,13,6,17988.13
359,76,34,11883.21
394,67,32,19379.12
390,94,26,15436.42
324,78,35,16704.45
371,72,37,15504.98
396,12,38,7630.54
353,12,40,17261.88
389,54,28,14434.37
335,79,9,11483.05
392,85,16,11164.07
390,43,6,19403.94
323,43,12,19351.63
362,49,48,17587.91
307,24,25,12425.74
301,20,23,5948.14
337,40,46,16296.65
336,10,50,11254.77
338,10,14,7571.36
334,53,38,19586.59
310,11,44,10158.96
397,29,15,18534.92
365,42,36,9953.05
331,56,6,19461.38
301,42,49,18561.25
350,75,28,5114.22
369,20,9,17808.51
305,30,22,9055.23
348,59,9,17585.78
306,61,16,9876.46
367,45,17,6984.29
362,78,44,9970.0
398,90,21,18770.48
395,46,5,10966.43
379,62,31,16776.72
334,18,8,6164.87
328,30,9,10130.09
355,42,39,17189.31
331,61,38,18527.46
315,94,33,16247.41
337,36,17,19933.84
399,48,31,13003.95
318,62,31,16016.24
348,11,7,14981.1
396,87,50,7099.04
309,75,47,12586.16
379,100,11,6591.48
320,28,43,18021.95
354,52,38,18457.54
342,100,45,18833.09
364,21,22,17408.07
386,71,13,12792.22
319,70,12,10426.6
348,72,50,12585.03
308,100,17,13138.89
378,18,12,15172.17
399,19,24,18742.42
338,86,46,12672.0
359,18,32,13612.56
327,32,5,13340.44
317,63,10,14872.22
392,72,45,19483.85
352,53,50,14088.71
360,88,28,9887.08
380,18,14,19812.87
378,64,11,10423.67
382,25,32,13469.68
300,64,39,16588.14
354,38,49,13845.07
398,72,46,11180.9
385,61,18,17501.91
379,65,30,11764.3
301,33,11,12241.31
369,65,8,18605.2
304,68,28,6366.36
313,24,21,14725.08
319,45,23,11087.92
333,39,34,7969.9
386,36,23,16474.85
308,92,5,8749.26
338,11,32,5819.68
356,93,34,9920.2
365,72,27,5391.69
354,29,38,19377.84
324,48,48,15102.02
324,37,29,15210.0
377,31,38,8099.87
309,11,38,16251.45
374,74,28,15342.97
334,82,15,18635.31
350,89,42,6327.66
364,26,22,19898.84
390,76,32,14862.4
390,25,8,13175.15
372,51,6,12239.25
393,36,28,7114.85
337,80,17,15301.27
396,76,40,6412.47
390,89,46,16167.56
302,97,20,17795.62
384,68,50,6870.59
308,60,37,16003.66
352,93,38,16283.9
325,40,32,9334.04
321,38,39,9661.87
316,40,30,11638.71
356,54,21,6443.31
320,16,45,8770.14
388,14,6,8686.95
372,70,37,18241.01
316,86,15,10464.11
342,75,32,8063.13
341,47,21,11757.31
309,56,43,9601.32
325,75,27,19798.91
341,52,15,17277.15
383,60,47,11787.17
322,48,8,13148.83
343,60,16,17650.87
318,41,20,19441.54
325,100,15,9466.31
305,72,6,9012.96
381,67,8,18111.29
327,97,30,17833.9
353,40,20,17359.64
397,88,16,8369.3
366,44,24,19088.63
337,94,9,18073.44
351,84,33,11320.61
338,52,20,18654.63
328,63,34,15856.63
394,96,47,12305.81
369,24,21,5882.0
386,81,42,5651.21
365,28,48,5220.61
323,65,36,9310.07
380,36,26,12274.64
348,10,40,13194.71
358,11,6,19972.8
345,31,8,16773.28
325,60,50,17110.08
335,23,49,16616.11
356,96,45,12736.88
322,64,8,11612.52
336,73,25,17892.76
312,94,39,13922.33
391,84,25,11177.37
344,23,26,11917.37
368,77,17,15286.54
321,92,25,19805.74
319,61,27,14150.79
354,34,18,6809.27
383,88,40,5420.23
313,99,21,12604.43
387,18,12,8099.98
392,58,29,18011.29
317,100,15,19149.17
377,73,49,17710.72
339,98,5,9463.48
321,31,29,8179.67
326,29,6,14546.86
389,55,30,15908.81
350,90,12,8000.94
318,18,15,19961.2
302,28,24,5424.9
398,40,23,5435.54
389,35,17,10606.41
382,91,42,12545.64
358,83,10,12295.56
375,24,7,6508.6
388,78,25,17724.59
387,10,22,7713.08
312,71,12,18289.42
319,17,8,14935.77
335,85,27,14466.42
379,14,31,17316.04
329,27,6,8653.6
304,82,33,8861.02
313,20,20,18002.58
377,71,8,18274.89
346,26,35,9311.09
304,68,34,11951.52
338,73,46,14538.93
345,49,8,11235.55
362,41,13,12056.9
308,20,45,18101.65
390,30,30,19643.3
349,25,37,18681.52
362,66,31,15086.55
350,93,47,9253.4
370,76,11,7082.48
386,34,27,7046.85
341,42,41,19770.08
328,46,23,9165.85
324,53,40,19968.25
330,51,27,17093.99
385,63,19,12222.73
321,99,42,10959.41
368,99,12,11299.79
386,22,13,8474.95
319,28,20,10790.26
337,47,14,17586.04
375,29,6,5879.89
335,47,21,16236.42
312,76,23,13836.95
319,67,19,7995.57
381,76,38,9444.21
374,77,31,15157.28
329,23,8,10793.29
345,42,12,12645.97
388,21,31,12973.74
360,91,37,7677.28
330,76,47,11157.72
372,64,18,5451.94
354,85,44,18892.74
372,81,45,10299.02
314,48,7,17396.01
384,17,6,12589.24
368,74,31,8987.56
361,31,12,12851.41
387,83,34,17489.24
374,11,37,11913.33
370,84,32,5676.25
309,57,13,8302.89
356,92,42,9950.52
354,30,6,18680.26
327,47,12,14160.99
391,41,26,16067.18
350,95,17,13561.8
313,13,44,9246.31
399,67,36,19740.68
304,20,30,6143.99
345,12,23,19765.71
311,51,25,15392.71
397,47,44,5453.99
300,62,12,10589.18
339,85,47,13528.12
351,99,34,19742.83
360,20,12,7029.68
302,60,47,17028.61
374,41,10,14214.83
378,48,47,12781.17
308,16,39,14739.7
373,55,50,19009.33
346,98,6,8879.78
373,15,29,6493.97
385,11,13,18058.99
379,10,6,13908.71
311,72,14,6268.99
311,13,21,6073.3
313,82,20,14253.65
378,91,6,15382.29
378,17,50,18593.42
303,50,26,8929.4
322,61,43,9783.5
364,13,24,15416.31
352,40,47,8114.57
320,79,25,14634.44
301,68,17,11017.96
343,56,21,18704.63
388,71,24,17987.03
309,73,38,14939.8
350,81,43,9851.03
315,23,27,5002.52
370,45,49,7409.02
345,42,24,18908.89
305,82,46,17521.49
377,48,18,9213.96
341,14,16,10423.37
340,39,41,8870.07
363,73,32,16344.7
387,61,16,9559.61
353,70,22,5938.14
385,21,6,10145.39
321,44,7,5306.56
339,75,30,15455.26
358,20,36,10596.66
316,31,20,16013.16
390,21,32,11012.87
345,94,6,19503.0
368,95,41,12052.74
371,45,22,17128.68
315,55,8,18987.16
327,95,16,9747.09
301,26,46,18273.61
333,75,21,16800.49
328,22,33,18821.75
373,93,33,7210.24
317,28,35,14845.59
339,18,36,15237.15
394,97,37,7867.26
332,94,8,9142.22
397,25,24,11597.09
