Transaction ID,Product ID,Product Category,Sales Date,Revenue,Customer ID
1675,157,CRM software,2020-06-16 17:48:10,4369.92,13936
2469,122,CRM software,2020-09-04 10:55:45,2667.18,16275
7499,163,cloud storage,2020-07-31 21:23:17,2531.81,14203
8171,101,CRM software,2020-10-17 06:13:23,3595.76,12954
8831,198,cloud storage,2021-03-13 07:00:47,4696.67,18596
5847,121,cloud storage,2022-04-10 03:05:34,2507.66,13198
5436,134,cloud storage,2021-05-16 15:42:58,2160.73,17517
7571,151,cloud storage,2021-05-21 10:30:25,4331.83,15915
7155,167,CRM software,2021-10-15 21:23:28,3111.81,10636
8055,189,CRM software,2020-05-11 14:02:00,1150.39,18409
6744,183,cloud storage,2021-02-24 21:20:47,2590.6,18025
1627,123,CRM software,2022-04-09 01:25:20,2262.77,14034
8353,140,cloud storage,2022-11-27 02:47:34,2925.67,10621
5248,178,CRM software,2022-08-12 19:39:57,4761.02,11801
4805,152,cloud storage,2022-12-21 09:04:07,1551.59,18392
2153,147,cloud storage,2021-06-22 02:15:06,2730.49,19791
8505,191,CRM software,2022-04-02 06:37:11,4123.93,10673
3247,147,CRM software,2022-01-22 15:12:48,4519.83,13391
9861,177,cloud storage,2020-06-06 04:40:02,3483.46,19877
2805,198,cloud storage,2021-06-28 15:33:30,3878.73,16518
8974,198,CRM software,2021-08-03 17:18:23,4341.17,14545
3673,180,CRM software,2020-08-02 21:24:50,3270.04,14456
6832,192,CRM software,2021-07-01 07:31:40,3909.84,14059
4891,132,CRM software,2022-02-07 17:37:57,4384.96,10519
4217,101,cloud storage,2020-10-17 14:38:10,3356.52,17394
5980,133,cloud storage,2020-02-01 05:16:38,3015.43,15519
4671,113,CRM software,2021-02-11 08:55:00,2642.98,17238
1259,131,cloud storage,2021-05-14 14:10:40,4690.6,19487
5496,199,cloud storage,2021-11-02 16:03:59,1718.73,18564
2538,174,CRM software,2020-08-22 02:26:56,3574.57,11322
2149,143,CRM software,2020-11-27 21:20:23,3551.1,10374
1801,171,cloud storage,2020-05-12 22:02:49,3776.97,11839
7108,186,cloud storage,2021-01-22 12:54:09,3766.87,15201
4055,104,CRM software,2020-09-15 12:57:21,3021.45,18169
4644,135,CRM software,2022-07-16 06:42:14,2023.67,18073
8703,150,cloud storage,2020-03-10 11:28:38,4564.2,14334
6323,170,CRM software,2020-11-22 01:19:43,3453.17,14154
4320,179,cloud storage,2020-02-27 18:50:45,4610.12,11230
7317,186,CRM software,2020-11-01 00:03:49,2816.53,18044
3559,148,CRM software,2020-07-10 08:22:00,1641.55,11243
3222,176,CRM software,2020-08-11 03:42:54,3034.06,11120
9803,183,CRM software,2020-07-28 04:59:09,3564.39,15565
3377,116,CRM software,2022-02-26 17:46:42,1949.46,19763
7115,124,CRM software,2020-04-11 08:33:18,4550.11,17376
4838,196,cloud storage,2020-12-04 08:09:03,4925.16,18093
8195,143,CRM software,2021-04-28 15:41:18,1883.89,16212
5493,167,CRM software,2022-05-02 21:03:15,2065.84,17686
6540,144,CRM software,2020-10-06 18:04:39,4720.76,14362
8104,169,CRM software,2022-04-28 01:19:10,2841.35,18601
3556,179,cloud storage,2022-07-15 15:12:27,1424.87,15036
5600,111,CRM software,2020-10-19 18:22:30,4860.28,15313
9062,173,cloud storage,2020-03-23 17:58:03,1729.58,11149
8391,105,CRM software,2020-10-11 12:29:56,2306.81,12373
2118,148,cloud storage,2021-09-07 02:26:00,4903.35,11913
5334,130,cloud storage,2021-06-27 22:02:32,2037.86,13264
9694,123,CRM software,2020-11-24 03:23:11,3717.43,18889
5663,167,CRM software,2022-12-18 00:52:04,2314.95,18333
1450,159,CRM software,2022-11-05 23:58:05,2829.27,13049
2902,107,CRM software,2021-02-19 01:33:57,4692.6,14761
3449,117,CRM software,2020-01-06 17:40:25,4161.75,11906
5292,145,cloud storage,2021-10-09 23:13:48,2554.26,16349
7360,103,cloud storage,2020-09-10 01:51:11,2123.44,10039
6169,141,CRM software,2021-05-14 14:06:54,3679.17,14156
6548,143,CRM software,2021-10-29 00:30:38,2525.76,13284
2675,113,cloud storage,2020-06-28 03:17:29,1086.04,18517
5115,155,CRM software,2022-05-24 13:49:34,3195.91,15473
7677,176,cloud storage,2022-08-08 16:13:23,4406.52,14100
8929,115,CRM software,2021-12-26 00:34:29,1938.92,12210
6638,119,CRM software,2022-11-15 15:29:19,1184.51,10958
7383,132,cloud storage,2021-07-27 22:48:42,2059.94,13890
4011,168,CRM software,2022-02-14 13:39:27,1983.8,15688
3568,140,CRM software,2020-08-20 03:52:05,2693.76,16218
4899,150,cloud storage,2020-06-04 13:17:26,3092.6,15456
5758,109,CRM software,2022-08-13 16:58:40,2532.05,19123
6266,103,CRM software,2021-04-17 01:04:35,2245.89,14451
3679,189,CRM software,2021-08-07 00:42:01,3310.86,19753
7995,123,CRM software,2021-05-16 07:10:42,4417.33,15424
9517,183,CRM software,2020-08-27 01:02:17,3535.38,12109
4480,124,CRM software,2020-04-23 11:04:25,1834.74,12280
8117,198,CRM software,2020-04-26 16:00:19,3274.82,16761
1901,147,CRM software,2022-03-31 01:11:27,1049.67,15601
7880,183,CRM software,2022-07-23 23:09:06,4304.35,17927
2422,152,cloud storage,2020-01-03 10:45:09,1508.25,12772
5537,192,CRM software,2020-04-10 08:39:36,3056.58,15758
6559,179,CRM software,2020-07-16 07:08:03,4757.83,13952
5498,130,cloud storage,2022-07-30 07:40:41,4151.33,11777
9655,113,cloud storage,2022-05-03 10:28:53,2914.03,18755
1590,154,cloud storage,2020-02-29 05:29:49,3248.76,19480
3064,129,cloud storage,2021-01-05 13:02:41,1050.81,17148
2366,114,cloud storage,2021-06-02 03:24:23,4236.17,14448
9829,113,cloud storage,2021-03-17 20:37:14,3547.44,12248
1119,193,CRM software,2022-07-17 14:19:41,3143.14,12164
3308,176,cloud storage,2022-12-01 14:49:37,4589.7,19635
6786,117,CRM software,2022-01-20 09:33:43,3513.21,17147
3460,190,CRM software,2022-06-17 08:59:00,3132.63,16080
7942,100,cloud storage,2020-05-12 23:15:44,2438.08,13759
1561,147,CRM software,2021-02-08 18:37:38,4006.09,13171
9254,161,CRM software,2022-11-11 00:56:24,1418.19,12806
2579,105,cloud storage,2020-10-16 02:33:47,2353.21,15535
3521,171,CRM software,2020-03-01 14:45:57,3521.44,18787
2104,184,cloud storage,2020-12-27 23:48:16,2082.99,12771
4360,192,CRM software,2020-06-15 04:37:16,2809.41,19632
6239,197,CRM software,2022-05-07 20:15:38,1837.3,19228
7967,159,CRM software,2020-04-19 15:08:29,1731.09,14013
8259,134,CRM software,2021-04-24 07:42:04,4328.12,14531
5344,172,cloud storage,2021-08-14 17:41:22,4269.43,17431
2025,163,cloud storage,2022-06-29 06:23:22,4262.53,15484
9699,177,CRM software,2020-08-25 18:01:25,3651.4,11849
8985,158,cloud storage,2022-07-21 06:32:53,3691.67,15244
5308,123,cloud storage,2020-02-04 16:05:44,2486.41,17685
7197,154,cloud storage,2021-01-28 16:01:09,1273.34,17705
4140,176,CRM software,2021-05-03 21:56:13,1452.98,15244
8838,138,CRM software,2021-02-26 06:23:44,3878.48,11668
8701,143,cloud storage,2021-02-19 17:47:34,3305.2,13762
3067,112,cloud storage,2022-09-28 20:11:00,4331.53,15694
5635,135,CRM software,2022-08-09 04:37:53,2551.28,15729
2421,128,cloud storage,2020-05-27 04:44:01,3012.35,10739
1329,144,cloud storage,2021-03-19 01:01:13,1399.51,16324
8114,104,cloud storage,2020-02-06 22:37:19,2212.25,10368
7892,169,CRM software,2022-07-26 08:00:56,3546.08,14327
4298,171,cloud storage,2022-06-27 10:31:02,1472.55,15367
4169,163,CRM software,2020-03-02 15:01:48,4868.58,16516
1390,189,cloud storage,2020-11-21 18:55:37,1739.48,18637
4823,115,CRM software,2022-02-22 15:38:00,1228.39,10808
9003,186,CRM software,2022-07-26 16:45:02,4613.19,19799
7415,163,CRM software,2021-07-15 17:44:17,1722.65,13136
7198,181,CRM software,2020-02-12 20:08:42,2709.32,13321
5262,174,CRM software,2020-12-23 20:30:41,3215.28,10148
8081,158,cloud storage,2020-09-08 00:57:25,3319.47,16367
4878,117,cloud storage,2020-01-18 02:23:09,4869.11,13805
5327,111,CRM software,2022-04-02 21:28:32,4461.97,14197
9318,179,cloud storage,2021-10-20 01:06:45,1901.7,18487
4978,180,cloud storage,2022-04-09 09:34:41,3064.34,18264
4667,164,cloud storage,2021-02-06 20:49:26,3339.74,17479
8546,160,CRM software,2021-09-29 01:38:11,4219.62,16485
9120,186,cloud storage,2021-09-15 01:05:36,3581.14,13736
2559,163,cloud storage,2021-02-08 21:47:13,2806.61,16427
8018,171,CRM software,2022-09-13 10:48:36,3737.92,19070
1253,130,CRM software,2020-10-22 09:05:06,3083.21,16664
7617,180,cloud storage,2020-12-15 03:06:08,1316.42,11541
7077,113,CRM software,2022-12-04 23:33:05,1058.06,13452
4511,155,cloud storage,2022-07-13 16:55:49,4633.58,11889
7266,153,CRM software,2020-02-04 14:33:09,2394.91,10238
5078,185,cloud storage,2020-11-07 04:56:30,2868.36,10797
1962,175,cloud storage,2022-10-15 14:29:46,4567.92,17037
7771,167,cloud storage,2020-08-24 11:05:21,1832.86,15294
2725,186,cloud storage,2020-04-26 09:23:26,2387.87,10854
4329,143,CRM software,2022-05-28 05:22:35,3381.82,13973
3244,176,cloud storage,2021-11-06 23:18:29,1656.48,19761
2907,144,CRM software,2020-11-08 21:35:49,2750.17,19000
8400,135,cloud storage,2020-08-21 14:54:47,1411.87,11545
5500,124,CRM software,2020-08-22 05:31:16,3026.54,16427
8144,113,CRM software,2021-05-05 14:38:31,4078.0,12541
5846,142,CRM software,2021-10-10 17:30:07,3740.94,18211
2473,151,CRM software,2020-07-11 12:02:08,2171.49,15170
5198,131,cloud storage,2021-09-08 06:24:38,2809.53,14102
6774,191,CRM software,2021-04-13 06:58:23,4737.72,13261
4739,151,CRM software,2021-11-14 15:32:34,2567.8,19265
6619,137,cloud storage,2022-10-05 11:56:27,1438.73,10496
7790,109,CRM software,2021-05-17 20:04:58,4483.41,17051
2559,182,cloud storage,2020-06-30 17:44:34,2905.77,15373
8454,141,CRM software,2021-12-01 10:11:20,2914.39,19233
1183,130,CRM software,2021-04-24 21:16:44,1878.34,17149
5881,180,CRM software,2020-12-15 14:27:29,1625.87,19335
9675,185,cloud storage,2022-12-04 20:37:49,1526.61,10187
1324,184,cloud storage,2021-08-14 06:59:23,3796.11,14469
4520,123,cloud storage,2021-05-17 23:12:50,4239.91,11020
8373,127,cloud storage,2020-06-10 22:37:33,4906.18,12517
9181,167,CRM software,2021-06-07 20:12:19,1581.07,11315
6145,164,CRM software,2021-10-07 19:08:41,3723.59,15633
4619,116,cloud storage,2021-03-17 01:55:50,3021.85,10367
8961,117,cloud storage,2021-12-19 17:17:36,2584.83,18017
9435,114,CRM software,2020-01-05 13:41:02,4797.29,18364
4698,148,cloud storage,2020-06-18 00:22:44,3617.99,19200
7136,103,CRM software,2021-10-28 22:30:50,2996.26,19849
9041,134,cloud storage,2021-10-21 04:18:59,3210.11,12762
4740,191,CRM software,2022-02-22 13:12:12,2487.4,14779
6017,196,cloud storage,2021-10-20 19:38:22,4026.47,13838
1550,140,cloud storage,2022-09-24 03:10:30,1168.35,10933
6253,127,cloud storage,2022-02-11 13:50:28,1740.32,10482
1041,183,cloud storage,2022-06-23 14:30:33,3985.08,17774
4761,194,cloud storage,2022-11-21 14:19:10,2017.33,15397
7782,125,cloud storage,2020-06-24 22:35:18,2260.7,19673
5858,193,CRM software,2020-11-29 10:07:15,4880.33,17621
6165,103,CRM software,2021-10-14 20:07:58,2500.96,15862
6526,198,cloud storage,2020-11-18 23:07:49,3385.67,15206
1373,123,CRM software,2020-08-21 21:35:13,4394.3,19169
2184,142,CRM software,2021-11-30 19:11:50,2509.11,10469
8718,161,CRM software,2021-07-29 14:17:29,4032.64,18449
1810,127,cloud storage,2020-11-13 20:54:30,4837.26,11541
6781,134,CRM software,2021-12-27 05:45:35,3579.65,14149
8857,156,cloud storage,2021-04-11 08:21:48,4678.34,13785
5273,185,CRM software,2022-01-29 15:58:24,2746.76,14386
9300,187,CRM software,2021-08-06 23:27:41,4047.49,15569
8795,182,CRM software,2022-05-16 21:44:13,3794.25,11297
1450,196,cloud storage,2020-04-25 10:19:50,4382.33,19971
8983,127,CRM software,2022-04-21 10:37:53,1818.29,15003
7374,131,cloud storage,2021-04-20 12:50:28,4574.76,17145
7286,134,CRM software,2022-09-07 18:17:16,3336.71,18683
6985,127,cloud storage,2020-01-20 09:27:53,3045.52,18362
2465,106,CRM software,2021-09-25 00:24:14,1985.62,16278
8831,191,cloud storage,2020-11-06 00:23:58,4685.53,16964
1794,149,CRM software,2022-09-01 08:22:50,3708.17,10993
8593,145,CRM software,2022-12-15 15:41:27,2186.77,12420
6223,144,cloud storage,2022-10-09 13:24:42,1726.25,12822
5719,188,cloud storage,2020-12-11 12:05:14,2193.19,16077
6346,188,cloud storage,2021-09-20 05:15:14,1072.09,19736
1689,194,CRM software,2021-11-26 06:10:11,4615.42,18117
1756,177,CRM software,2020-10-30 06:57:40,3707.03,10458
2637,192,CRM software,2021-07-28 10:50:36,3810.66,16692
6781,192,CRM software,2022-03-28 14:47:33,2390.4,13710
1763,181,cloud storage,2020-03-16 16:00:34,2182.92,19980
4613,177,CRM software,2022-12-17 15:41:05,3141.54,16657
1243,137,cloud storage,2021-03-17 09:52:44,4404.62,11548
8263,176,cloud storage,2020-11-28 10:20:42,2646.95,18278
3089,151,CRM software,2020-11-25 17:24:22,1656.95,12534
2489,158,cloud storage,2022-02-01 11:45:43,1018.92,17640
5865,185,CRM software,2021-04-13 12:52:26,4986.19,18809
7509,152,cloud storage,2021-02-22 14:29:21,2854.92,12276
5976,166,cloud storage,2020-07-08 23:21:29,2858.04,19937
2489,177,CRM software,2022-04-29 20:56:03,3750.68,17539
2634,154,CRM software,2020-05-31 19:45:49,4045.69,11137
3603,132,cloud storage,2020-10-12 06:15:52,2240.05,14369
1457,147,cloud storage,2020-06-28 19:45:11,4210.34,19545
2732,117,cloud storage,2020-07-01 01:05:19,2518.06,10279
7215,153,cloud storage,2021-08-30 12:42:57,4104.08,13439
4285,121,CRM software,2022-06-14 13:33:26,4815.76,16933
2521,195,CRM software,2020-08-22 11:16:13,1314.29,14054
3966,185,cloud storage,2022-07-15 11:28:23,2903.85,16777
9466,108,cloud storage,2022-12-04 21:21:12,4049.72,14621
6845,118,CRM software,2022-11-17 01:10:59,3409.56,18205
3709,143,CRM software,2021-02-03 19:30:17,1928.61,16627
2653,135,cloud storage,2021-12-07 10:45:34,4809.58,11723
4748,100,CRM software,2021-02-03 12:13:12,4500.0,17470
7937,102,cloud storage,2020-05-12 11:42:27,1709.84,19102
6405,104,cloud storage,2020-06-19 01:06:28,4890.23,14976
7364,187,cloud storage,2021-01-04 01:41:21,3235.43,14794
8546,187,CRM software,2020-01-23 14:16:06,3277.67,14994
9238,133,cloud storage,2020-09-18 12:41:21,2983.64,10613
8189,162,cloud storage,2020-02-01 06:35:56,1100.83,10461
8570,139,CRM software,2021-07-31 13:41:58,2675.44,15573
2434,141,CRM software,2021-07-07 14:53:13,3057.74,14221
2804,191,CRM software,2020-08-28 07:33:55,1516.6,16759
6954,101,cloud storage,2020-09-22 22:04:05,3990.7,12977
1547,150,CRM software,2022-02-21 22:05:46,4852.89,19646
5681,181,CRM software,2021-09-01 19:18:00,1340.07,13219
6117,130,cloud storage,2022-04-14 23:24:22,2994.59,12835
3630,193,cloud storage,2020-07-03 06:44:17,2069.29,19869
6349,142,cloud storage,2022-05-12 08:56:47,3250.24,10436
7197,134,cloud storage,2021-09-13 11:55:48,1234.22,14451
5847,193,CRM software,2020-06-04 21:41:43,3577.17,19914
9244,168,CRM software,2020-05-23 21:46:39,4621.48,14696
5126,139,CRM software,2021-03-06 00:04:48,2812.42,13137
7959,157,CRM software,2022-08-24 11:13:01,4471.89,14145
2352,137,CRM software,2022-03-09 14:22:42,2740.97,17685
2370,185,cloud storage,2021-09-18 11:48:53,2572.73,13954
6681,146,CRM software,2021-12-14 03:50:52,1602.79,19374
5691,193,cloud storage,2020-05-13 23:50:07,3644.99,11708
8665,160,cloud storage,2021-07-08 18:25:50,1527.69,12577
4824,160,cloud storage,2020-07-26 15:34:38,4137.83,12907
7917,177,CRM software,2020-10-05 11:24:18,4760.72,18315
3413,161,cloud storage,2022-11-01 17:03:06,3943.97,12361
4708,172,CRM software,2021-10-17 03:45:22,3716.33,10062
6803,173,CRM software,2021-03-06 12:25:08,1265.01,19889
3280,110,cloud storage,2021-06-24 00:41:29,1190.08,11413
7697,131,cloud storage,2021-07-24 21:20:19,4559.87,12852
7148,171,cloud storage,2022-05-06 22:02:40,2738.72,14313
8190,186,CRM software,2020-01-01 20:00:44,3114.84,18846
5104,153,cloud storage,2021-10-12 13:15:03,4250.83,10774
1508,159,cloud storage,2021-08-31 09:38:05,3785.8,10353
7551,193,cloud storage,2021-10-12 12:00:21,4787.82,13154
4679,114,cloud storage,2020-09-26 18:30:43,4462.69,19243
9277,161,cloud storage,2022-09-06 22:32:31,1780.08,17490
9865,141,cloud storage,2021-11-28 20:02:26,3605.14,12031
5368,165,CRM software,2021-11-17 04:52:02,4392.57,15722
7343,117,CRM software,2020-08-26 20:44:20,4404.02,17951
1878,144,cloud storage,2021-09-07 02:41:57,1313.19,13280
6739,177,CRM software,2022-09-30 02:27:16,2969.38,13894
8779,173,cloud storage,2021-07-14 01:51:39,1807.6,15868
3768,140,CRM software,2022-05-30 07:25:16,1382.38,13841
6277,171,cloud storage,2021-10-30 01:33:00,1825.07,16541
7947,172,CRM software,2022-07-07 07:30:36,4171.17,16408
5282,122,cloud storage,2022-07-02 02:53:19,2350.32,14474
5998,151,cloud storage,2020-02-13 16:50:52,4495.15,11726
9818,140,cloud storage,2020-08-08 23:28:23,4156.77,17383
5366,114,CRM software,2022-03-17 20:39:59,2719.18,10699
6326,141,cloud storage,2022-03-27 06:14:10,4083.81,19810
3933,177,cloud storage,2021-02-07 00:43:52,3542.29,16458
6300,108,cloud storage,2022-01-20 23:01:48,4830.99,15563
6685,120,CRM software,2021-07-15 00:11:15,4850.34,15629
9592,126,CRM software,2020-05-02 05:42:52,2694.66,10179
5158,129,CRM software,2021-02-28 00:54:17,4033.17,17770
2570,196,CRM software,2020-03-10 19:28:18,4835.42,15454
9965,187,CRM software,2021-05-14 01:57:14,2921.03,19717
1800,108,CRM software,2021-10-25 21:10:27,1293.93,17599
9864,122,cloud storage,2021-06-01 04:46:52,1349.23,18427
4656,135,cloud storage,2022-05-14 22:57:17,2644.01,10720
1255,147,CRM software,2020-05-23 11:48:16,2072.76,15619
2224,197,cloud storage,2022-07-29 11:25:16,4434.2,10244
6682,193,cloud storage,2021-05-24 17:19:43,1842.42,14777
8882,142,CRM software,2020-07-05 17:03:21,1864.93,13466
4074,111,CRM software,2021-05-16 16:47:27,1230.98,19079
4909,166,CRM software,2022-08-28 03:10:26,1829.8,12439
5524,164,cloud storage,2021-10-23 17:36:45,3629.99,10195
3106,189,cloud storage,2020-06-25 05:31:45,2892.55,10987
7445,119,CRM software,2020-03-11 11:10:13,4173.0,17675
7606,195,cloud storage,2020-03-31 15:57:48,1361.24,14732
4119,167,cloud storage,2021-07-25 13:34:27,4003.88,10991
6432,174,CRM software,2020-08-12 06:08:28,1723.67,18484
3249,186,cloud storage,2020-04-03 08:32:31,3293.16,15029
3913,196,cloud storage,2020-10-23 19:49:31,1774.93,15276
6572,132,CRM software,2020-10-30 05:07:28,4690.86,14086
3524,153,CRM software,2021-04-29 22:25:29,4065.32,13531
5898,196,cloud storage,2022-04-07 14:48:28,3342.62,17172
3695,127,cloud storage,2020-08-15 22:55:39,2899.92,19078
4566,113,CRM software,2020-02-05 15:58:06,4935.75,13423
3378,190,cloud storage,2020-02-07 01:35:36,1934.37,18843
8104,114,CRM software,2022-03-30 16:53:49,1907.83,19540
9473,169,CRM software,2021-09-08 22:57:35,3989.03,19005
1918,150,cloud storage,2021-11-15 00:33:45,4008.31,14888
5503,155,cloud storage,2020-12-10 11:01:01,3971.53,18323
6844,103,cloud storage,2022-12-14 09:53:52,2691.78,16045
2088,103,cloud storage,2020-02-14 15:23:34,1039.54,12383
8381,107,cloud storage,2021-07-27 20:11:53,3821.88,16252
7767,194,cloud storage,2020-01-28 12:19:00,2677.43,19973
5016,164,CRM software,2022-05-12 15:42:28,4857.68,15892
9936,191,cloud storage,2022-02-24 15:45:12,1675.81,12229
5072,197,CRM software,2022-01-13 03:58:09,2045.58,19234
2922,142,CRM software,2020-05-17 20:01:05,3667.7,13309
5281,133,CRM software,2022-11-23 18:43:49,2302.39,19980
8920,150,cloud storage,2021-03-09 05:18:50,3057.39,19085
8807,189,cloud storage,2020-04-10 06:40:55,3473.48,18380
1363,187,cloud storage,2021-06-17 22:39:20,4237.74,16180
5310,173,cloud storage,2020-09-08 16:14:08,4294.2,12031
6486,113,CRM software,2021-10-08 21:22:42,4683.73,14123
2141,159,CRM software,2022-04-20 03:03:52,3182.25,10774
9931,129,CRM software,2020-11-26 22:06:28,2150.82,10739
7027,180,CRM software,2021-07-31 21:43:18,1188.25,18803
3771,166,CRM software,2021-01-29 06:01:50,4087.61,14760
6198,182,cloud storage,2020-10-03 21:44:54,1993.83,12472
9179,139,cloud storage,2020-05-02 10:15:54,4073.79,15957
5874,139,cloud storage,2020-05-28 04:00:04,3442.96,18231
1149,171,cloud storage,2020-05-16 13:07:39,1379.46,11930
6190,119,CRM software,2022-05-14 11:46:05,3614.66,12111
8663,168,CRM software,2020-04-01 06:15:39,3833.4,16875
1804,153,cloud storage,2021-08-05 14:36:49,4444.99,15912
8034,116,cloud storage,2022-11-08 17:14:37,4360.8,11575
5193,187,CRM software,2022-08-30 05:39:02,4401.73,17748
2772,135,CRM software,2020-02-17 20:26:12,2512.56,16925
1703,115,CRM software,2022-08-03 08:24:56,2139.25,18942
2993,111,cloud storage,2020-06-09 16:54:19,1899.97,13346
6724,139,cloud storage,2021-03-12 16:54:33,2412.11,15983
6211,148,CRM software,2021-02-21 03:43:18,1075.17,13702
2781,127,cloud storage,2021-12-30 18:52:30,4466.63,10328
7516,191,CRM software,2022-10-18 20:13:54,2274.51,17139
5934,180,cloud storage,2022-12-16 14:29:05,2630.91,10808
6147,134,cloud storage,2021-11-27 01:59:10,4305.32,14605
1923,122,CRM software,2022-04-11 07:07:03,2491.48,11660
8204,161,cloud storage,2021-12-25 23:09:53,3907.09,18271
8548,193,cloud storage,2022-12-08 16:11:16,1035.3,18282
1490,199,cloud storage,2021-04-10 02:48:43,4511.06,10491
1229,157,cloud storage,2022-12-06 17:51:56,2764.71,16553
1541,146,CRM software,2020-02-03 18:12:44,1692.26,10450
2836,180,cloud storage,2020-01-23 15:32:08,3045.05,16022
6951,153,CRM software,2021-02-06 13:28:31,2124.03,15354
6536,188,CRM software,2022-12-14 07:05:34,2109.81,19068
9024,176,cloud storage,2020-01-02 10:21:51,2074.82,10259
9676,176,CRM software,2020-04-07 01:03:49,1828.65,19147
7475,125,cloud storage,2021-06-08 01:33:02,1897.4,11309
5182,169,CRM software,2022-08-08 20:20:24,4080.01,11803
4067,125,CRM software,2021-10-28 08:25:28,2324.62,16527
7317,198,cloud storage,2020-11-22 11:24:36,2729.26,11646
3266,176,CRM software,2020-03-06 06:22:37,3734.97,16700
8302,156,CRM software,2020-07-07 10:59:02,2345.65,15251
5876,161,CRM software,2022-10-16 10:14:08,2241.66,18296
5075,153,cloud storage,2021-08-12 19:32:56,4602.94,16808
4495,175,cloud storage,2022-06-25 03:19:44,4716.98,13763
8688,196,CRM software,2022-01-06 13:18:46,2366.99,10727
4234,107,CRM software,2021-02-15 21:19:23,1826.7,11425
7365,135,cloud storage,2021-03-06 01:45:59,4362.64,16321
7216,109,cloud storage,2020-10-11 03:27:50,1262.6,14805
2422,125,CRM software,2022-01-29 00:46:47,1820.87,17130
7674,189,cloud storage,2020-07-02 08:52:49,4693.29,15281
5187,128,cloud storage,2020-10-09 16:27:19,1675.42,16090
1547,103,CRM software,2021-08-16 23:30:25,2032.61,10373
1127,191,cloud storage,2021-05-29 18:27:47,1850.94,10630
6774,185,cloud storage,2022-05-16 14:44:55,2339.7,11669
3983,165,cloud storage,2021-12-27 01:12:51,2837.94,14542
5124,142,cloud storage,2022-05-06 10:11:47,1699.61,16073
5329,111,cloud storage,2020-04-05 04:17:12,3027.48,10236
4356,174,CRM software,2021-10-11 15:01:46,3988.89,10120
8909,134,cloud storage,2021-01-06 21:32:55,4939.0,13166
4139,153,cloud storage,2020-11-23 09:23:56,1475.53,18593
4343,127,cloud storage,2021-07-23 16:46:47,3659.41,14087
1482,151,CRM software,2020-02-10 14:20:55,4062.53,15948
2926,136,CRM software,2022-12-05 07:21:59,2280.1,19291
7634,147,cloud storage,2021-08-10 21:22:31,1847.93,11305
2028,172,cloud storage,2022-01-31 10:43:55,1737.65,14446
5191,171,CRM software,2021-10-23 07:24:13,1909.12,17629
7805,156,cloud storage,2020-09-20 08:44:33,1589.0,19678
1228,186,CRM software,2020-06-21 00:01:58,3417.07,13028
3679,172,CRM software,2020-01-21 17:54:38,3884.9,12688
2910,180,CRM software,2020-10-19 06:06:04,1171.35,17722
1805,104,CRM software,2020-07-16 07:28:00,1494.79,10113
6666,156,CRM software,2022-04-16 05:49:33,1961.0,18589
1678,176,CRM software,2022-12-06 21:10:01,1406.62,18677
6859,170,CRM software,2020-04-21 20:57:00,1755.03,12390
7347,102,cloud storage,2020-01-28 09:45:24,4904.76,16189
6966,169,cloud storage,2021-07-02 11:41:05,4101.22,12908
5601,154,CRM software,2020-01-24 22:23:40,1242.98,11983
5522,152,cloud storage,2022-01-23 22:44:37,4899.71,14948
2015,185,CRM software,2021-01-03 00:46:47,3455.17,14486
6374,190,CRM software,2020-03-20 22:37:32,2789.52,18915
8217,136,CRM software,2021-02-20 18:22:10,1776.93,10604
6755,185,CRM software,2020-07-08 05:50:30,1539.74,18926
6716,169,cloud storage,2021-03-19 12:31:10,2984.24,12963
4176,141,cloud storage,2022-07-21 21:12:57,1445.19,16704
8610,118,CRM software,2022-02-19 22:48:30,1761.1,13990
7693,199,cloud storage,2020-04-29 07:54:23,3648.96,18266
2122,108,CRM software,2022-12-25 21:20:59,2131.72,17453
5242,195,cloud storage,2020-07-08 21:33:14,2261.81,15850
4272,179,cloud storage,2020-11-24 06:41:19,3094.46,19566
8361,103,cloud storage,2021-11-05 08:54:19,4436.44,19814
9934,141,cloud storage,2022-12-10 18:02:46,3555.37,15879
8892,143,CRM software,2021-01-28 15:58:28,4218.06,19230
8488,148,cloud storage,2022-09-03 16:50:14,3317.96,13397
7119,179,cloud storage,2022-04-22 01:19:49,4358.77,12449
7242,136,cloud storage,2021-03-20 13:09:08,1004.23,18138
4553,147,CRM software,2022-01-23 10:02:14,4852.9,10365
9391,185,CRM software,2022-03-11 21:32:42,4262.47,16437
5488,113,cloud storage,2020-04-04 16:29:59,4218.36,16861
4858,193,CRM software,2021-06-19 12:25:04,2878.52,13253
3661,154,cloud storage,2021-04-16 12:46:17,2931.99,19378
4432,119,cloud storage,2020-09-02 04:31:37,3829.78,17159
6636,189,cloud storage,2020-04-11 06:36:25,3794.77,17407
2589,129,CRM software,2020-06-19 04:19:29,2382.94,10966
7776,124,CRM software,2020-04-11 13:12:52,3459.07,16547
1790,104,cloud storage,2021-11-08 13:20:07,2954.73,12657
6813,189,cloud storage,2021-07-11 23:33:28,1415.57,17138
7878,162,CRM software,2020-04-30 01:35:38,3590.68,18060
9528,137,cloud storage,2022-04-24 16:57:44,1473.24,16122
8449,173,CRM software,2022-04-11 00:09:39,3828.04,17021
3241,196,CRM software,2022-10-26 18:20:16,1068.59,18615
1451,180,CRM software,2020-01-25 09:57:08,3162.74,19548
1817,187,cloud storage,2020-06-22 04:52:51,4232.29,11047
1021,145,cloud storage,2020-10-26 09:28:09,4140.19,16439
7003,142,CRM software,2021-02-21 18:30:32,4309.51,10394
4713,102,CRM software,2020-08-17 12:03:29,1804.87,19856
7012,150,CRM software,2021-10-12 01:30:43,3029.73,15509
3112,113,CRM software,2020-09-28 12:58:49,2548.94,10264
2466,197,CRM software,2020-04-03 01:03:51,4868.33,14608
7573,157,CRM software,2021-04-22 22:37:03,3834.28,13616
9514,186,CRM software,2022-04-09 00:18:28,4554.47,18803
7020,187,cloud storage,2022-06-25 02:41:11,4811.76,14851
2925,167,CRM software,2020-04-26 03:55:59,4097.05,15793
5570,122,CRM software,2020-06-14 19:39:35,1953.4,18969
8028,136,CRM software,2020-03-19 16:14:25,4590.74,17388
5012,193,cloud storage,2020-01-05 23:13:15,2492.63,16871
9282,163,CRM software,2021-11-08 08:10:36,1332.56,16579
6602,184,cloud storage,2022-04-25 00:56:44,4949.97,12666
7606,129,cloud storage,2020-10-24 18:17:33,2735.98,18551
8411,122,CRM software,2022-11-15 02:43:54,4963.12,19573
9787,122,CRM software,2021-09-30 22:28:24,2702.56,15186
6305,199,cloud storage,2022-11-01 21:05:50,2882.75,12158
8740,139,cloud storage,2020-04-29 05:20:43,4035.76,10927
9880,126,cloud storage,2020-05-07 08:35:45,3557.72,12438
5216,193,CRM software,2022-12-01 16:09:13,2642.75,10043
2216,189,cloud storage,2020-07-30 02:07:24,3212.62,12390
5590,158,CRM software,2021-11-24 06:15:35,4480.15,16475
7286,148,CRM software,2021-05-01 22:48:24,2027.81,17997
9035,107,cloud storage,2020-10-10 07:11:40,3519.13,10310
8340,178,CRM software,2021-03-31 03:02:50,2184.49,17586
6175,116,cloud storage,2021-12-10 10:40:06,4196.97,19141
5792,161,cloud storage,2020-03-14 13:08:44,4019.77,14506
4202,131,CRM software,2022-03-15 04:33:49,2268.41,15593
7229,185,cloud storage,2022-05-12 04:54:30,2589.36,16804
5547,165,cloud storage,2022-09-02 17:17:29,1761.4,11990
2241,101,CRM software,2020-09-08 00:38:08,1227.78,16851
6288,109,CRM software,2020-09-02 19:59:11,3616.55,11634
7569,180,cloud storage,2022-02-01 01:25:40,1169.37,11711
3884,130,cloud storage,2022-05-03 11:21:56,4863.29,13757
5807,120,cloud storage,2021-10-01 07:04:04,2425.15,14669
2322,175,cloud storage,2022-11-12 02:19:18,1615.14,11862
8039,187,CRM software,2020-03-15 19:40:29,2893.87,14595
4521,103,cloud storage,2021-09-16 11:31:56,4470.13,19513
6421,173,cloud storage,2022-12-05 21:33:18,3206.99,17361
8668,138,CRM software,2021-10-24 13:58:45,3305.7,17063
5056,121,cloud storage,2021-07-01 11:28:11,2303.61,11681
5170,178,CRM software,2022-09-06 21:34:26,4215.69,18427
3138,186,cloud storage,2021-06-23 22:17:13,3126.37,12108
1692,126,CRM software,2022-07-15 18:24:54,2918.76,17210
4289,173,cloud storage,2020-09-27 21:11:31,3953.25,11703
6591,124,CRM software,2021-01-29 02:51:27,2380.21,18007
6457,183,cloud storage,2022-02-16 08:42:51,2206.43,13740
6976,196,CRM software,2022-07-16 04:06:48,2666.74,18136
2733,156,CRM software,2021-01-06 06:54:44,4824.9,15413
1481,186,cloud storage,2022-05-23 19:41:10,4026.34,15063
9363,118,cloud storage,2020-04-14 20:50:51,3226.39,12766
8392,114,CRM software,2022-07-02 22:54:58,2145.0,16895
9205,154,cloud storage,2022-07-29 06:44:30,2398.25,17776
3868,133,CRM software,2021-12-14 19:00:39,2261.65,13972
9408,126,cloud storage,2021-05-02 00:53:12,2147.91,17412
9983,150,CRM software,2020-08-09 07:40:31,2004.13,19956
8952,159,cloud storage,2020-07-26 06:51:23,3752.51,10868
4811,166,cloud storage,2020-01-27 20:34:16,2572.11,14945
1331,174,cloud storage,2020-01-03 01:50:43,1379.47,14127
5715,193,cloud storage,2020-12-25 11:01:53,2050.01,17154
5076,171,CRM software,2022-10-23 16:14:02,1534.18,19374
5980,122,cloud storage,2020-12-22 00:27:19,3618.43,10467
8563,146,CRM software,2022-01-13 15:21:59,4622.71,11075
4245,145,cloud storage,2022-03-23 23:57:36,3538.08,16055
1302,148,CRM software,2022-02-10 15:17:37,4580.8,14271
6455,120,CRM software,2022-12-16 18:24:14,2676.73,18348
3779,107,CRM software,2022-11-14 16:29:07,4688.62,10783
5515,184,CRM software,2020-03-05 14:31:31,3120.77,13309
3098,145,cloud storage,2022-04-26 04:34:51,4008.39,16331
4633,131,cloud storage,2021-05-02 02:33:42,4893.75,19089
8099,135,cloud storage,2022-02-07 09:26:25,4000.57,19642
7466,120,cloud storage,2020-06-18 05:16:26,3999.4,18023
5795,177,cloud storage,2020-02-14 05:51:20,1496.57,15072
6501,177,cloud storage,2020-01-18 19:45:56,2925.07,16756
2790,108,CRM software,2021-09-07 19:02:20,3350.85,13802
9692,138,CRM software,2020-05-11 08:11:58,1454.43,17506
7398,198,CRM software,2021-03-10 07:06:40,1665.26,19710
4090,153,cloud storage,2020-07-05 04:28:40,3155.18,17963
5714,109,cloud storage,2022-10-14 14:25:05,2097.13,10420
9492,118,CRM software,2020-05-16 14:58:38,3371.24,14745
2219,131,CRM software,2021-01-08 21:21:15,2127.52,19687
4413,117,cloud storage,2020-09-26 09:28:06,2174.3,17344
6819,174,cloud storage,2022-07-16 06:51:29,3560.47,13272
8559,185,cloud storage,2022-02-07 00:57:11,4526.12,15670
3332,194,cloud storage,2020-06-21 17:33:53,3892.87,11838
9209,143,CRM software,2020-01-03 10:53:05,2787.13,18784
7774,124,cloud storage,2020-05-26 22:29:16,1857.75,13679
4122,193,cloud storage,2020-03-17 09:36:41,2654.08,15209
9766,154,cloud storage,2021-02-12 21:21:44,1071.32,11038
6337,197,CRM software,2022-11-05 08:42:13,1940.13,12208
5561,197,cloud storage,2021-04-28 06:51:10,1760.82,10903
6082,158,cloud storage,2020-10-18 21:47:48,4817.51,15013
2407,103,CRM software,2021-12-24 05:03:53,2611.84,12777
8426,119,CRM software,2020-01-26 20:46:45,4432.9,14189
5489,158,CRM software,2020-03-12 03:06:44,3021.43,12987
3754,166,CRM software,2022-12-29 04:37:39,4034.82,15885
3608,134,CRM software,2022-01-08 07:16:28,4997.38,19114
5699,103,CRM software,2022-03-14 07:42:34,3957.97,19733
3738,146,CRM software,2020-12-17 20:54:20,3403.22,12601
6673,139,CRM software,2022-01-09 16:03:32,2068.53,14995
3694,134,CRM software,2022-11-09 02:39:29,3525.0,19847
3653,180,CRM software,2021-04-01 11:58:21,4639.37,14073
5951,132,CRM software,2020-05-21 10:13:42,3751.22,16283
8262,161,cloud storage,2021-01-27 19:17:01,2366.31,13247
5781,156,CRM software,2021-12-06 11:40:35,3639.54,17082
7698,111,CRM software,2021-07-29 15:04:13,3382.58,15610
9528,160,CRM software,2020-12-26 16:54:45,4589.92,14958
7318,119,cloud storage,2021-08-30 11:10:39,3151.77,13951
3406,124,cloud storage,2020-05-02 23:40:32,1869.17,12477
8512,153,cloud storage,2020-02-28 01:21:25,1913.43,11290
8751,140,CRM software,2021-12-15 03:35:20,1675.03,16301
9664,110,CRM software,2022-08-26 17:37:30,4738.01,17526
7881,195,CRM software,2020-03-02 08:41:01,1854.1,19642
7300,193,CRM software,2020-10-22 14:40:28,1269.61,10081
1107,138,CRM software,2022-07-08 10:34:27,4004.13,14730
7739,151,cloud storage,2020-12-18 08:17:28,4501.49,14295
6178,141,CRM software,2020-12-28 20:46:47,3586.35,15479
1531,193,cloud storage,2021-07-24 18:13:47,2103.84,12602
6369,181,CRM software,2020-08-16 02:56:35,1869.8,12027
6236,150,CRM software,2022-01-07 04:46:45,2743.63,19800
7496,194,CRM software,2022-06-11 10:13:10,2180.84,15481
9891,135,CRM software,2021-03-24 07:32:29,1379.15,12993
2007,199,cloud storage,2021-10-05 23:32:05,2798.15,19439
4300,163,CRM software,2021-07-27 13:23:24,4180.26,17527
2810,169,cloud storage,2021-09-26 05:14:08,1066.02,13415
4260,184,cloud storage,2021-04-21 07:19:20,4320.96,15338
2104,165,CRM software,2022-02-11 13:52:33,1319.7,14852
1223,127,CRM software,2022-10-26 13:18:28,4366.05,16967
6271,119,cloud storage,2020-05-08 07:07:29,1516.82,18215
4158,145,cloud storage,2020-12-26 15:01:44,1209.2,14312
7022,192,cloud storage,2022-01-16 20:53:56,4010.71,13891
6673,169,CRM software,2021-04-20 22:23:25,3514.08,10987
6294,195,cloud storage,2022-09-24 06:13:01,2845.37,16845
4131,154,cloud storage,2021-06-20 10:03:57,3140.9,11768
4681,111,cloud storage,2021-03-17 19:44:40,2568.89,17255
8093,131,cloud storage,2022-07-24 12:20:18,4447.86,19045
5118,145,cloud storage,2021-03-22 13:10:14,4568.3,14201
5905,198,cloud storage,2021-10-31 04:23:06,3328.09,16345
5503,101,CRM software,2020-07-13 08:44:14,4636.49,19773
7703,135,cloud storage,2022-04-27 00:40:48,3824.85,11858
4673,175,CRM software,2022-08-03 19:41:18,2600.82,12928
9551,102,cloud storage,2022-06-29 12:05:08,4172.46,12985
2400,186,CRM software,2021-03-25 22:43:11,4175.2,15446
3358,177,cloud storage,2020-08-19 23:43:28,2724.3,10715
5081,170,cloud storage,2020-09-08 02:27:47,3084.22,12798
1777,159,cloud storage,2021-02-21 08:02:07,2162.35,17841
4617,195,cloud storage,2020-05-17 22:16:42,1673.15,13554
5079,112,cloud storage,2022-11-16 04:59:25,1407.4,17121
8144,185,cloud storage,2020-05-29 11:40:10,1703.93,18556
7594,122,cloud storage,2020-12-15 08:21:36,2524.17,12169
2153,136,cloud storage,2020-01-26 23:53:08,2742.53,15566
3951,171,CRM software,2022-12-08 19:59:20,4337.74,17442
6926,165,CRM software,2021-01-21 23:29:23,4391.92,16450
4432,140,cloud storage,2022-01-21 00:31:37,3750.9,17441
7384,145,CRM software,2020-05-08 01:33:02,1486.7,16249
2475,183,CRM software,2020-09-06 03:17:32,3026.44,14922
4228,106,cloud storage,2021-02-24 15:01:18,2835.05,15105
5053,131,CRM software,2020-04-15 17:46:25,4328.25,11071
7375,115,cloud storage,2021-01-03 23:45:34,1234.24,10623
7623,120,CRM software,2020-12-07 18:21:06,3465.29,10534
1742,185,cloud storage,2020-04-30 01:26:15,1141.98,12964
6993,187,cloud storage,2021-07-23 03:22:41,3123.3,19916
6312,115,CRM software,2020-03-26 11:38:28,4918.98,18294
1851,194,CRM software,2022-06-13 18:50:09,3309.55,19373
5108,142,cloud storage,2021-11-22 14:43:15,1731.26,14493
5780,105,cloud storage,2020-05-15 01:02:32,4255.07,12105
3612,136,cloud storage,2020-09-17 18:23:45,4465.87,19227
5374,160,CRM software,2021-06-03 12:51:07,4173.67,16511
9276,123,cloud storage,2021-12-22 20:09:10,1146.92,18876
7693,125,CRM software,2020-05-27 01:01:58,3928.81,11295
4295,109,CRM software,2022-01-03 22:59:31,2076.06,12016
5497,188,CRM software,2021-06-21 07:20:59,3548.73,12126
1406,180,cloud storage,2020-10-30 07:22:47,1227.27,15914
6852,194,CRM software,2021-05-21 10:08:05,3505.23,18428
4852,105,CRM software,2020-01-23 23:49:13,1207.5,11706
8988,163,CRM software,2020-05-14 10:46:36,4063.5,18510
5929,133,cloud storage,2021-10-30 22:07:02,3767.54,10910
5861,149,CRM software,2021-06-01 16:50:59,1657.44,16501
9487,136,cloud storage,2022-11-10 14:35:43,3326.73,14282
4782,112,cloud storage,2022-06-22 13:16:26,4262.69,15080
6504,191,CRM software,2021-06-09 08:48:20,2580.61,14338
8441,115,cloud storage,2020-08-19 13:53:28,1007.43,14905
4128,123,CRM software,2022-02-12 13:49:58,4610.1,17720
9807,103,cloud storage,2020-05-22 12:47:16,1753.95,10449
2669,184,CRM software,2021-08-04 17:25:32,4514.37,10651
5718,143,cloud storage,2021-01-23 09:31:55,1429.22,14727
8757,188,CRM software,2020-02-23 19:47:56,4635.19,15309
6961,194,cloud storage,2022-09-28 15:57:50,1428.34,19558
4177,160,CRM software,2020-02-03 22:07:29,3497.42,16508
5804,135,CRM software,2022-02-26 10:04:27,3381.87,14772
4644,179,cloud storage,2022-04-08 22:23:31,1340.66,11349
6527,157,cloud storage,2020-09-18 04:34:46,3396.04,14321
5240,187,cloud storage,2020-08-08 17:45:01,3745.65,16806
2333,152,CRM software,2022-08-11 20:08:21,2401.95,13851
5849,184,CRM software,2021-12-18 22:03:33,4428.23,16885
1249,123,CRM software,2021-10-04 09:22:29,1037.15,15472
1841,191,CRM software,2021-05-05 02:38:17,1215.44,12362
8569,185,CRM software,2022-11-22 12:25:33,2759.59,11922
9322,142,CRM software,2021-09-27 03:18:03,2865.93,11136
8939,139,cloud storage,2020-02-23 00:29:56,2355.98,16740
7944,109,cloud storage,2021-08-13 18:59:02,3236.09,12373
7438,169,cloud storage,2022-12-23 07:51:27,2446.19,13792
3565,167,cloud storage,2020-12-03 05:19:21,3618.7,10153
8247,169,CRM software,2021-08-01 12:29:38,4688.14,18652
2044,111,cloud storage,2022-04-30 16:10:46,3303.27,10991
3066,197,cloud storage,2022-11-01 01:30:57,2524.64,11732
1740,152,CRM software,2020-09-06 18:54:03,3924.46,11471
5386,185,CRM software,2020-01-21 03:23:27,3641.63,15242
6710,106,CRM software,2021-01-29 03:00:38,3633.49,12227
8100,190,CRM software,2020-04-26 05:19:58,1815.22,17402
6078,169,cloud storage,2020-04-08 05:21:43,2687.37,10778
1057,114,cloud storage,2022-02-26 01:03:13,2299.51,18364
9168,171,cloud storage,2020-06-08 00:57:54,2940.02,10185
4160,118,CRM software,2021-01-12 22:49:36,4805.82,15483
4887,137,cloud storage,2020-04-22 15:47:25,1240.47,11909
5645,162,cloud storage,2020-08-27 21:57:30,4155.8,18575
1599,129,CRM software,2022-07-05 00:52:04,3701.21,17534
8376,196,CRM software,2020-10-23 15:32:01,3081.17,11503
1215,193,CRM software,2022-03-26 05:00:54,4181.74,13510
3240,159,cloud storage,2021-07-11 17:45:46,2546.47,18064
5755,152,cloud storage,2021-11-29 21:21:47,1386.58,14605
5710,199,CRM software,2020-02-12 15:09:33,1104.46,13439
1452,188,CRM software,2021-06-22 09:55:33,1248.76,12902
7666,137,CRM software,2021-01-14 16:35:02,2292.73,19004
6443,119,cloud storage,2022-01-21 05:22:02,1686.12,15779
5107,179,CRM software,2022-11-29 21:56:18,3938.51,14085
3691,168,cloud storage,2022-04-26 16:21:46,3652.26,13889
9257,147,cloud storage,2020-08-17 10:02:51,3103.45,17757
7543,117,cloud storage,2020-12-02 16:16:53,1281.55,16434
6354,124,cloud storage,2020-10-18 17:28:46,3104.83,13449
5500,141,cloud storage,2022-05-11 15:18:33,2294.49,16316
6277,122,CRM software,2020-08-15 07:31:40,1659.57,16619
5031,159,cloud storage,2021-05-31 18:39:22,1990.8,18347
2876,120,CRM software,2020-11-16 09:02:18,2536.79,13978
2324,116,cloud storage,2020-10-01 11:05:34,4035.09,10696
7377,178,CRM software,2021-06-14 16:33:03,4526.69,16484
8706,186,cloud storage,2020-06-17 02:01:41,4898.85,10651
1336,191,CRM software,2020-03-12 04:16:34,3601.97,13965
3489,133,CRM software,2020-03-11 16:27:32,1141.3,14327
2550,179,CRM software,2022-04-18 07:18:43,2848.46,15234
1396,118,CRM software,2022-09-30 02:45:34,3977.08,12374
2501,133,CRM software,2020-08-17 14:53:57,3306.06,18475
8293,172,cloud storage,2020-08-18 05:20:42,1183.68,16166
7931,179,cloud storage,2021-03-06 19:52:00,2035.09,14749
7196,196,CRM software,2022-05-10 11:05:45,2498.42,17251
7626,176,cloud storage,2020-04-07 13:40:53,2578.33,10129
4084,172,CRM software,2022-12-23 05:24:07,2203.88,14961
8676,162,cloud storage,2021-04-05 23:32:04,4126.39,18272
7988,129,CRM software,2020-05-07 07:47:11,1254.52,16771
6733,174,CRM software,2021-08-05 22:45:00,2038.67,18472
6495,121,cloud storage,2020-12-17 00:29:03,2624.68,16199
7973,186,CRM software,2022-03-10 18:05:21,1133.12,19825
9606,105,cloud storage,2020-01-15 02:55:29,4316.62,11432
1310,155,CRM software,2022-03-22 03:30:50,3644.99,11274
1083,131,cloud storage,2021-11-12 01:00:17,4591.68,12485
1326,121,cloud storage,2021-12-22 23:26:01,1352.62,14946
1930,167,cloud storage,2020-12-20 21:48:34,2184.51,16040
1379,195,CRM software,2020-06-06 18:44:34,3220.67,10975
9236,142,cloud storage,2020-06-01 17:22:04,1316.92,19293
2931,135,cloud storage,2021-08-10 11:24:58,3413.35,12900
9364,192,cloud storage,2022-05-19 09:51:19,2746.34,16108
2186,134,cloud storage,2021-01-03 17:09:05,3785.95,13797
7842,184,CRM software,2020-09-24 15:30:00,2708.22,11419
5061,110,cloud storage,2021-05-11 00:04:17,4933.91,19411
6022,161,cloud storage,2021-08-10 15:33:27,1794.61,10191
7545,124,cloud storage,2021-12-26 23:21:26,4397.94,15779
3213,171,cloud storage,2022-05-26 21:29:45,4795.09,18015
8052,196,CRM software,2021-01-28 14:58:17,3971.45,11732
9330,196,cloud storage,2021-01-30 04:51:51,2971.12,14946
8830,110,cloud storage,2021-05-16 06:42:48,4586.71,15920
2523,192,CRM software,2022-10-04 09:39:58,1566.52,12863
3713,105,CRM software,2022-04-23 02:14:26,4882.97,11197
9906,133,CRM software,2021-09-23 10:27:31,4395.35,13474
1264,100,cloud storage,2021-11-13 23:01:41,2027.81,14572
2725,187,CRM software,2020-10-04 23:25:22,2090.49,14808
9608,133,cloud storage,2022-12-28 11:34:32,3562.72,16820
4014,188,cloud storage,2021-10-23 03:28:09,4502.86,19999
3096,142,cloud storage,2022-11-19 09:11:22,3888.73,19630
5979,176,CRM software,2020-09-20 04:55:58,3101.02,17615
9974,194,cloud storage,2021-02-28 21:46:30,1762.97,13457
1087,133,CRM software,2021-03-27 06:39:22,4880.46,14493
8305,156,cloud storage,2021-06-15 02:22:48,1495.69,12591
6291,114,CRM software,2022-11-08 22:12:17,4677.63,15476
9515,143,CRM software,2022-04-16 05:08:43,2885.97,13760
4625,172,CRM software,2022-08-09 14:32:18,1221.09,15978
8049,110,cloud storage,2020-12-31 20:12:31,4894.47,10299
4373,176,CRM software,2021-04-04 23:48:27,1743.03,12024
4754,107,cloud storage,2022-05-06 07:51:13,4934.38,14645
3895,159,cloud storage,2022-08-30 16:51:40,2853.79,12853
7935,126,CRM software,2020-01-16 15:37:10,1476.27,18519
2106,174,CRM software,2020-06-14 10:35:33,2837.92,16760
6618,162,CRM software,2021-06-26 01:21:21,1708.57,16563
1445,180,CRM software,2020-02-05 17:46:16,3480.63,11058
7781,124,CRM software,2021-08-09 17:45:09,1601.26,10967
1391,175,CRM software,2022-08-29 10:46:10,3567.94,18598
6294,170,cloud storage,2021-05-11 22:39:42,1339.07,16745
2331,127,cloud storage,2022-07-28 21:05:53,2224.06,12270
8411,180,cloud storage,2022-03-11 15:13:17,2944.83,16574
7157,122,CRM software,2021-11-28 06:57:54,3474.41,13403
5456,102,cloud storage,2022-04-06 08:04:56,1767.22,13024
8531,190,cloud storage,2021-01-19 02:03:09,3549.18,19265
9128,130,cloud storage,2021-06-05 04:54:52,4419.13,11018
9881,136,cloud storage,2022-08-16 10:12:28,2287.25,13077
3274,189,cloud storage,2020-12-15 03:43:43,1945.35,18564
8679,131,CRM software,2020-04-17 02:40:35,3598.2,14980
2455,149,cloud storage,2021-08-11 15:46:05,3568.39,19413
1237,192,cloud storage,2021-09-13 10:48:35,3937.12,13707
6473,103,CRM software,2020-01-21 14:36:59,1337.73,12098
4121,175,cloud storage,2022-01-02 20:41:50,1548.0,17808
9406,127,CRM software,2022-09-23 05:31:05,1692.17,16820
6899,142,CRM software,2020-05-20 20:31:27,2224.85,16033
6558,100,CRM software,2020-08-10 01:37:51,1975.8,11687
8285,121,cloud storage,2022-03-05 21:37:38,1094.06,10970
6010,163,cloud storage,2021-05-10 13:57:42,3774.29,16732
6090,162,cloud storage,2021-01-30 17:26:40,3352.71,14547
5971,102,cloud storage,2022-06-26 02:09:07,2549.21,19907
1475,128,cloud storage,2022-05-29 23:17:47,4837.56,18656
6607,119,CRM software,2022-02-16 09:41:03,4509.17,10003
5548,121,CRM software,2022-02-17 11:19:48,2205.97,18903
9835,144,cloud storage,2021-07-27 17:12:35,3326.42,18803
8986,158,CRM software,2022-10-23 13:49:51,3557.92,14987
6971,145,cloud storage,2022-11-19 20:55:54,3963.02,18205
7582,102,cloud storage,2021-04-11 17:35:05,4295.95,10912
5675,161,CRM software,2022-11-18 07:56:07,3121.94,15437
3436,158,CRM software,2021-02-25 01:45:17,2155.1,16469
3119,163,CRM software,2020-12-04 18:49:40,2239.79,12618
4900,175,cloud storage,2022-07-24 18:04:42,1801.17,16698
8007,133,CRM software,2021-02-09 09:38:41,1496.04,18873
3474,104,CRM software,2020-04-04 19:12:16,4239.65,16217
5742,164,cloud storage,2022-11-01 05:28:17,3919.99,15155
4302,184,cloud storage,2020-06-01 03:52:38,4965.29,13423
8711,128,cloud storage,2022-07-02 21:25:14,2528.91,17227
1044,114,cloud storage,2021-01-27 15:13:36,1768.32,12312
8438,143,cloud storage,2022-06-05 07:13:13,3164.81,13536
3706,110,cloud storage,2020-08-13 07:40:19,1541.34,19389
8614,145,CRM software,2022-04-27 13:00:45,2811.73,10999
5729,114,cloud storage,2020-08-23 13:50:24,1207.94,18725
2154,113,cloud storage,2021-03-13 06:39:23,2143.75,15832
1986,190,CRM software,2022-08-05 13:25:03,4816.24,18663
2652,154,CRM software,2021-01-23 01:46:08,1888.6,15156
7990,117,CRM software,2021-05-26 15:30:39,3921.99,18323
1287,117,cloud storage,2021-11-26 01:01:01,2924.99,17875
9243,173,CRM software,2021-03-31 14:31:46,4129.06,18927
9269,171,CRM software,2020-11-08 13:59:27,3777.38,16353
5616,145,CRM software,2021-10-11 20:16:52,3078.32,19949
1470,110,cloud storage,2022-02-17 22:09:14,1754.56,11968
5192,182,CRM software,2020-05-14 12:36:02,3225.52,17232
8684,133,CRM software,2021-02-23 06:31:47,2995.77,11579
2128,144,CRM software,2021-11-30 07:47:43,1043.17,10397
6227,190,cloud storage,2020-07-13 22:30:22,4929.29,14552
1610,162,cloud storage,2020-04-25 11:55:17,2942.83,17339
3469,198,cloud storage,2022-05-07 11:48:21,2017.57,10436
3198,182,CRM software,2022-06-15 12:13:26,3899.96,13657
2785,161,CRM software,2020-03-19 21:02:15,3694.51,19605
4812,102,cloud storage,2022-07-08 09:45:11,2019.49,12262
6781,162,cloud storage,2022-11-27 09:26:53,3427.06,14074
4894,133,cloud storage,2020-11-03 20:30:31,4874.33,17927
6042,163,CRM software,2022-03-21 10:58:22,2671.29,19485
5931,120,cloud storage,2022-07-29 09:16:25,4016.98,17163
4248,197,CRM software,2022-08-23 03:42:35,2009.35,12517
5667,181,cloud storage,2021-08-05 03:34:14,4564.63,12931
2252,106,CRM software,2021-07-04 06:32:42,3726.52,17575
1212,138,cloud storage,2022-12-25 08:38:51,2512.74,13805
7924,195,CRM software,2022-05-03 01:26:38,4099.74,18302
2170,157,cloud storage,2022-02-12 20:54:00,3896.5,15284
6149,160,cloud storage,2021-09-08 05:08:00,4848.33,13923
4408,194,cloud storage,2020-03-06 03:14:13,1493.43,19079
4861,122,CRM software,2021-08-17 12:00:44,1847.74,17583
4495,137,CRM software,2022-10-07 23:00:34,1854.09,15696
3199,188,CRM software,2022-10-23 22:30:31,4097.05,17605
4105,126,CRM software,2021-05-27 12:36:03,1471.89,18530
3963,151,CRM software,2021-05-25 09:08:24,3712.05,13231
7635,104,CRM software,2020-11-03 17:31:20,3597.32,18382
5406,103,CRM software,2021-12-11 04:09:11,4021.01,18237
6048,175,cloud storage,2022-01-10 01:39:49,2808.42,13934
3307,172,CRM software,2022-07-20 10:37:59,1565.45,15584
9122,175,cloud storage,2021-07-23 22:37:55,2678.27,13730
1830,109,CRM software,2022-05-25 06:39:07,2379.27,15370
4898,120,cloud storage,2020-03-19 12:00:46,3646.92,14161
5100,113,CRM software,2021-06-10 22:54:36,1075.95,11546
2826,123,cloud storage,2021-06-30 03:21:22,4031.03,10983
7503,137,CRM software,2022-03-28 06:43:26,2904.13,11691
9041,180,CRM software,2022-09-03 09:07:06,1600.19,15367
9685,186,CRM software,2022-09-17 22:01:01,1536.18,14269
4188,180,cloud storage,2020-09-06 18:06:30,3600.1,18190
8012,145,cloud storage,2021-03-26 17:53:29,1498.72,17811
5463,112,cloud storage,2021-12-23 10:01:30,2969.88,18120
6600,184,CRM software,2020-09-13 18:58:56,3895.53,12858
8932,104,cloud storage,2020-04-02 07:01:50,4358.95,12083
7541,128,cloud storage,2022-05-05 00:00:23,4505.22,12320
3068,176,CRM software,2022-05-31 18:04:07,3463.18,15678
6976,194,cloud storage,2020-01-22 07:21:44,1364.84,14705
1771,181,cloud storage,2021-11-16 18:30:15,2638.46,12599
6556,156,CRM software,2021-10-23 11:18:53,3583.45,10940
9357,168,cloud storage,2021-06-30 11:26:21,4893.02,13946
3383,157,cloud storage,2021-05-05 06:41:01,4892.68,11504
7182,138,cloud storage,2020-05-24 22:32:30,1409.51,16371
6872,137,CRM software,2020-07-01 19:18:34,2680.06,11925
3223,138,cloud storage,2020-01-17 19:24:02,3147.32,15677
8375,177,CRM software,2021-09-11 15:21:29,4820.47,16687
4289,123,cloud storage,2021-04-18 13:06:17,2171.67,14747
5651,188,cloud storage,2020-09-25 21:04:08,2752.07,12672
6866,148,CRM software,2020-11-25 13:50:46,1355.31,10713
4016,183,CRM software,2020-06-18 23:32:07,4527.53,10399
9014,154,CRM software,2020-10-15 21:05:25,2197.63,15507
6980,173,cloud storage,2022-05-17 00:07:20,2861.11,18735
6437,141,CRM software,2020-09-23 03:02:43,3458.68,10762
3879,108,cloud storage,2021-08-15 02:03:41,1266.99,14206
7000,169,cloud storage,2021-09-25 20:47:06,3098.67,17779
8974,127,cloud storage,2022-08-18 15:10:53,3031.05,14562
8576,100,CRM software,2022-04-01 08:53:44,1348.05,18867
4356,169,cloud storage,2021-08-01 23:18:49,1672.08,12140
3924,161,CRM software,2021-06-16 04:35:36,1187.08,14730
6227,148,cloud storage,2022-01-15 06:15:22,3340.82,13127
4113,144,CRM software,2022-02-11 15:20:16,2098.28,10706
9984,112,cloud storage,2022-02-27 23:28:30,4495.04,10534
8184,149,CRM software,2020-07-19 01:16:00,2995.23,18768
3739,122,CRM software,2022-05-28 07:31:46,4387.16,17313
9739,189,cloud storage,2022-12-08 03:40:53,4595.12,10054
8270,112,CRM software,2020-09-13 16:53:36,4891.68,17014
2682,133,CRM software,2021-03-24 15:41:15,4492.6,12604
8572,167,CRM software,2022-07-08 12:27:50,2690.42,16161
1213,192,cloud storage,2020-06-29 07:23:47,2224.53,16431
2904,153,cloud storage,2020-11-11 03:46:07,1314.24,10744
9764,131,cloud storage,2022-10-01 19:22:53,3727.57,10581
4396,115,cloud storage,2022-10-12 03:16:13,1086.89,14662
6349,122,CRM software,2021-06-05 23:01:32,1940.61,13531
9334,198,CRM software,2021-06-10 03:56:54,1349.09,15704
5143,106,cloud storage,2021-02-07 11:39:02,2702.62,18806
9385,155,CRM software,2022-04-29 18:33:43,2853.18,11321
4948,179,CRM software,2021-10-20 23:50:04,4567.12,13466
3749,121,cloud storage,2022-01-18 07:13:52,1468.26,13059
8064,101,CRM software,2021-11-28 11:15:34,3936.02,16247
5806,172,CRM software,2021-10-29 07:59:22,1986.08,19523
6461,148,CRM software,2022-11-29 11:31:53,4992.26,10376
8007,176,CRM software,2022-04-25 17:40:30,2276.06,18822
1064,118,CRM software,2020-06-20 22:12:08,2127.2,14978
2907,173,cloud storage,2020-01-12 18:50:38,1331.72,11665
6937,120,CRM software,2021-06-28 20:41:24,1346.28,15187
6248,161,cloud storage,2021-12-04 00:37:45,2326.85,19314
5377,122,CRM software,2020-04-29 04:36:43,2037.03,17577
9829,106,CRM software,2022-07-27 21:54:08,1909.33,13657
3495,191,CRM software,2020-12-09 19:45:30,2118.7,19767
9047,131,cloud storage,2020-09-27 20:21:25,3550.0,16460
3326,105,cloud storage,2020-10-05 04:18:44,1765.01,19057
1290,148,CRM software,2021-11-24 22:10:11,4050.69,16430
5983,148,CRM software,2022-10-29 02:05:16,1748.46,17872
9902,130,cloud storage,2020-05-28 06:57:49,4773.36,16230
1658,159,cloud storage,2020-10-24 21:50:29,2424.25,13242
1995,177,cloud storage,2022-02-14 13:30:03,2362.7,15541
7275,183,CRM software,2021-02-14 22:03:48,2254.21,19252
6225,103,cloud storage,2022-04-21 07:43:52,1901.44,18904
9849,161,CRM software,2020-04-25 09:20:22,3086.23,19692
6349,150,cloud storage,2020-05-10 08:31:04,1854.72,15256
3652,100,CRM software,2020-10-21 11:30:54,4772.5,18108
2924,144,CRM software,2020-11-15 05:41:01,2460.69,12215
9252,143,cloud storage,2021-09-12 05:43:56,4943.77,19012
6140,161,CRM software,2021-06-09 17:18:57,4124.43,10482
5963,148,CRM software,2021-03-07 21:05:15,1187.13,13683
4669,110,CRM software,2021-05-10 09:43:36,2885.49,13692
1612,121,cloud storage,2020-02-10 19:36:20,1219.02,17916
9183,151,CRM software,2022-09-24 21:41:40,2103.97,15163
1619,172,cloud storage,2022-05-26 04:00:37,1236.95,13407
5012,142,CRM software,2020-06-12 08:10:10,1421.56,14212
3602,170,cloud storage,2020-10-28 02:17:15,2124.43,11533
5472,150,cloud storage,2021-06-02 15:18:00,2288.27,16544
5776,186,cloud storage,2022-12-20 07:37:54,1250.26,17410
4080,134,cloud storage,2022-12-26 05:40:43,3932.74,14246
6797,182,cloud storage,2020-06-08 23:27:07,1207.31,18643
2406,122,cloud storage,2022-02-03 15:23:39,2408.04,19457
6977,157,cloud storage,2020-10-29 20:20:39,1944.7,10119
4227,133,CRM software,2022-05-24 15:59:33,3220.41,16837
4147,183,CRM software,2022-02-05 20:00:10,4975.19,12382
2654,169,cloud storage,2021-07-01 10:41:31,1271.44,13459
7746,159,cloud storage,2020-02-19 19:26:15,4618.39,15408
9713,120,CRM software,2020-03-06 15:39:28,4929.34,16674
1429,196,cloud storage,2021-01-09 08:51:02,1678.56,14384
3470,137,cloud storage,2020-04-10 04:07:39,2050.24,13982
1187,132,CRM software,2020-12-09 04:07:16,3315.42,16874
4148,192,CRM software,2021-05-08 09:06:16,3818.28,18917
9360,134,CRM software,2022-01-03 11:23:30,4751.19,19925
8554,108,CRM software,2021-12-26 09:14:20,2147.12,15305
5135,168,cloud storage,2021-05-25 23:32:48,4137.05,18422
7898,145,CRM software,2022-09-19 10:43:26,3628.29,15272
2099,128,CRM software,2021-01-15 10:16:25,2653.96,19706
2216,180,CRM software,2020-11-15 13:01:31,4463.88,17733
5291,120,cloud storage,2020-04-01 14:11:29,4459.71,18431
6798,166,cloud storage,2021-09-27 19:57:23,4840.46,18905
4655,136,cloud storage,2021-05-16 20:47:33,3559.53,14846
7388,166,cloud storage,2022-03-24 01:27:12,4116.44,15839
7267,124,cloud storage,2020-01-27 20:41:34,3731.27,19919
5731,136,cloud storage,2022-04-13 01:02:25,3593.78,17677
6107,178,CRM software,2020-03-12 14:29:22,1453.46,15860
3301,150,CRM software,2020-02-23 07:44:32,1797.75,16876
9832,124,cloud storage,2020-02-21 23:35:52,4164.99,10770
8670,137,CRM software,2020-10-30 01:54:06,3141.34,17830
4040,186,CRM software,2022-03-05 11:10:33,1509.45,16006
8705,167,CRM software,2022-05-28 08:49:27,3299.04,16020
8269,109,CRM software,2020-02-26 16:30:32,1061.77,10750
7276,155,CRM software,2020-03-07 23:26:36,4992.01,14597
4137,155,cloud storage,2020-01-29 20:43:44,1587.83,19631
9013,171,CRM software,2022-08-08 19:58:47,1209.93,16890
4665,167,CRM software,2021-04-17 06:23:42,3513.22,10466
8822,143,cloud storage,2021-02-03 14:17:40,1465.95,18247
3567,132,cloud storage,2021-03-02 21:52:04,4555.46,19314
6182,166,cloud storage,2022-09-25 09:20:41,3092.34,10622
3840,138,cloud storage,2021-09-04 11:54:01,3901.61,12657
6019,119,cloud storage,2020-03-31 21:31:39,1747.37,14407
2907,159,CRM software,2020-04-27 06:17:01,2389.87,11713
2481,120,CRM software,2020-08-29 19:47:22,4619.53,14953
3720,105,CRM software,2020-02-03 12:02:07,4499.18,18221
4839,103,cloud storage,2021-07-31 22:43:11,3497.08,13593
4313,141,cloud storage,2021-06-25 23:17:14,3262.78,17824
5316,118,CRM software,2022-01-05 14:39:36,3698.74,10924
1322,153,cloud storage,2022-09-11 04:16:52,1442.36,18136
6993,136,CRM software,2020-07-21 16:26:28,1037.34,16709
2236,187,cloud storage,2020-08-25 03:33:58,4546.21,12817
3153,150,CRM software,2021-04-12 11:52:00,2301.85,14986
6489,144,CRM software,2020-07-10 15:52:46,1400.77,18830
5232,170,cloud storage,2022-01-08 09:49:48,3052.67,17118
1037,101,cloud storage,2020-03-16 08:34:34,2605.5,15128
1524,166,cloud storage,2022-12-04 06:17:33,3951.36,15974
4627,135,CRM software,2020-11-06 14:02:37,3509.64,15073
6316,121,cloud storage,2021-11-14 20:48:48,1737.7,15018
6887,165,cloud storage,2022-05-24 13:10:58,4228.48,10318
4269,189,CRM software,2020-06-25 18:11:39,4747.94,13370
3929,104,CRM software,2020-07-08 11:25:14,4150.47,13604
9886,169,cloud storage,2021-01-23 21:55:20,2320.02,15441
5444,185,cloud storage,2020-03-19 06:40:03,1171.08,15217
7591,141,CRM software,2021-09-21 11:24:36,2529.23,17508
2202,176,CRM software,2021-01-07 16:57:26,4643.66,17444
2816,179,cloud storage,2022-08-30 07:25:29,4071.56,12034
7913,176,cloud storage,2022-05-12 14:25:45,1722.91,14522
1642,180,CRM software,2021-04-10 14:14:48,4630.56,19349
7961,164,cloud storage,2022-01-07 14:10:42,3758.23,11018
8710,140,CRM software,2021-02-17 11:22:03,2009.21,16405
1164,141,CRM software,2021-03-23 14:18:40,4025.08,19448
6267,197,cloud storage,2020-08-14 04:45:25,3169.59,10038
2667,176,CRM software,2020-12-09 10:12:32,3469.36,16295
5780,177,CRM software,2021-10-19 21:21:32,1504.16,13508
3589,121,CRM software,2022-09-28 11:08:24,1151.68,19383
2423,193,CRM software,2022-03-06 09:30:48,3544.03,15071
9037,151,CRM software,2022-11-13 13:20:44,2633.63,16166
3003,131,CRM software,2022-08-22 18:15:42,3410.27,10265
4945,169,CRM software,2021-11-27 02:42:41,4927.52,16825
2270,145,cloud storage,2022-08-14 05:48:32,4594.38,17247
3210,189,cloud storage,2022-08-21 23:05:07,2803.59,13634
5550,144,cloud storage,2020-08-21 00:59:48,3537.11,13182
6815,127,CRM software,2021-10-17 15:43:04,2671.84,17966
6015,133,CRM software,2021-02-25 22:31:46,3786.26,18817
1056,106,CRM software,2020-05-19 12:11:24,4233.66,16443
7710,124,cloud storage,2021-11-02 16:12:12,4720.24,18378
4358,131,cloud storage,2022-08-06 04:34:40,3123.27,13156
